date,book,page
1985-11-18,Calvin and Hobbes,6
1985-11-18,The Essential Calvin and Hobbes,19
1985-11-18,The Calvin and Hobbes Tenth Anniversary Book,29
1985-11-19,Calvin and Hobbes,6
1985-11-19,The Essential Calvin and Hobbes,19
1985-11-20,Calvin and Hobbes,6
1985-11-20,The Essential Calvin and Hobbes,19
1985-11-21,Calvin and Hobbes,7
1985-11-21,The Essential Calvin and Hobbes,20
1985-11-22,Calvin and Hobbes,7
1985-11-22,The Essential Calvin and Hobbes,20
1985-11-23,Calvin and Hobbes,7
1985-11-23,The Essential Calvin and Hobbes,20
1985-11-24,Calvin and Hobbes,8
1985-11-24,The Essential Calvin and Hobbes,21
1985-11-25,Calvin and Hobbes,9
1985-11-25,The Essential Calvin and Hobbes,22
1985-11-26,Calvin and Hobbes,9
1985-11-26,The Essential Calvin and Hobbes,22
1985-11-27,Calvin and Hobbes,9
1985-11-27,The Essential Calvin and Hobbes,22
1985-11-28,Calvin and Hobbes,10
1985-11-28,The Essential Calvin and Hobbes,23
1985-11-29,Calvin and Hobbes,10
1985-11-29,The Essential Calvin and Hobbes,23
1985-11-30,Calvin and Hobbes,10
1985-11-30,The Essential Calvin and Hobbes,23
1985-12-01,Calvin and Hobbes,11
1985-12-01,The Essential Calvin and Hobbes,24
1985-12-02,Calvin and Hobbes,12
1985-12-02,The Essential Calvin and Hobbes,25
1985-12-03,Calvin and Hobbes,12
1985-12-03,The Essential Calvin and Hobbes,25
1985-12-04,Calvin and Hobbes,12
1985-12-04,The Essential Calvin and Hobbes,25
1985-12-05,Calvin and Hobbes,13
1985-12-05,The Essential Calvin and Hobbes,26
1985-12-06,Calvin and Hobbes,13
1985-12-06,The Essential Calvin and Hobbes,26
1985-12-07,Calvin and Hobbes,13
1985-12-07,The Essential Calvin and Hobbes,26
1985-12-08,Calvin and Hobbes,14
1985-12-08,The Essential Calvin and Hobbes,27
1985-12-09,Calvin and Hobbes,15
1985-12-09,The Essential Calvin and Hobbes,28
1985-12-09,The Calvin and Hobbes Tenth Anniversary Book,32
1985-12-10,Calvin and Hobbes,15
1985-12-10,The Essential Calvin and Hobbes,28
1985-12-11,Calvin and Hobbes,16
1985-12-11,The Essential Calvin and Hobbes,28
1985-12-12,Calvin and Hobbes,16
1985-12-12,The Essential Calvin and Hobbes,29
1985-12-13,Calvin and Hobbes,17
1985-12-13,The Essential Calvin and Hobbes,29
1985-12-14,Calvin and Hobbes,17
1985-12-14,The Essential Calvin and Hobbes,29
1985-12-15,Calvin and Hobbes,18
1985-12-15,The Essential Calvin and Hobbes,30
1985-12-16,Calvin and Hobbes,19
1985-12-16,The Essential Calvin and Hobbes,31
1985-12-17,Calvin and Hobbes,19
1985-12-17,The Essential Calvin and Hobbes,31
1985-12-18,Calvin and Hobbes,19
1985-12-18,The Essential Calvin and Hobbes,31
1985-12-19,Calvin and Hobbes,20
1985-12-19,The Essential Calvin and Hobbes,32
1985-12-20,Calvin and Hobbes,20
1985-12-20,The Essential Calvin and Hobbes,32
1985-12-21,Calvin and Hobbes,20
1985-12-21,The Essential Calvin and Hobbes,32
1985-12-22,Calvin and Hobbes,21
1985-12-22,The Essential Calvin and Hobbes,33
1985-12-23,Calvin and Hobbes,22
1985-12-23,The Essential Calvin and Hobbes,34
1985-12-24,Calvin and Hobbes,22
1985-12-24,The Essential Calvin and Hobbes,34
1985-12-25,Calvin and Hobbes,22
1985-12-25,The Essential Calvin and Hobbes,34
1985-12-26,Calvin and Hobbes,23
1985-12-26,The Essential Calvin and Hobbes,35
1985-12-27,Calvin and Hobbes,23
1985-12-27,The Essential Calvin and Hobbes,35
1985-12-28,Calvin and Hobbes,23
1985-12-28,The Essential Calvin and Hobbes,35
1985-12-29,Calvin and Hobbes: Sunday Pages 1985-1995,22
1985-12-29,Calvin and Hobbes: Sunday Pages 1985-1995,23
1985-12-29,Calvin and Hobbes,24
1985-12-29,The Essential Calvin and Hobbes,36
1985-12-30,Calvin and Hobbes,25
1985-12-30,The Essential Calvin and Hobbes,37
1985-12-31,Calvin and Hobbes,25
1985-12-31,The Essential Calvin and Hobbes,37
1986-01-01,Calvin and Hobbes,25
1986-01-01,The Essential Calvin and Hobbes,37
1986-01-02,Calvin and Hobbes,26
1986-01-02,The Essential Calvin and Hobbes,38
1986-01-03,Calvin and Hobbes,26
1986-01-03,The Essential Calvin and Hobbes,38
1986-01-04,Calvin and Hobbes,26
1986-01-04,The Essential Calvin and Hobbes,38
1986-01-05,Calvin and Hobbes,27
1986-01-05,The Essential Calvin and Hobbes,39
1986-01-06,Calvin and Hobbes,28
1986-01-06,The Essential Calvin and Hobbes,40
1986-01-07,Calvin and Hobbes,28
1986-01-07,The Essential Calvin and Hobbes,40
1986-01-08,Calvin and Hobbes,28
1986-01-08,The Essential Calvin and Hobbes,40
1986-01-09,Calvin and Hobbes,29
1986-01-09,The Essential Calvin and Hobbes,41
1986-01-10,Calvin and Hobbes,29
1986-01-10,The Essential Calvin and Hobbes,41
1986-01-11,Calvin and Hobbes,29
1986-01-11,The Essential Calvin and Hobbes,41
1986-01-12,Calvin and Hobbes,30
1986-01-12,The Essential Calvin and Hobbes,42
1986-01-13,Calvin and Hobbes,31
1986-01-13,The Essential Calvin and Hobbes,43
1986-01-14,Calvin and Hobbes,31
1986-01-14,The Essential Calvin and Hobbes,43
1986-01-15,Calvin and Hobbes,31
1986-01-15,The Essential Calvin and Hobbes,43
1986-01-16,Calvin and Hobbes,32
1986-01-16,The Essential Calvin and Hobbes,44
1986-01-17,Calvin and Hobbes,32
1986-01-17,The Essential Calvin and Hobbes,44
1986-01-18,Calvin and Hobbes,32
1986-01-18,The Essential Calvin and Hobbes,44
1986-01-19,Calvin and Hobbes,33
1986-01-19,The Essential Calvin and Hobbes,45
1986-01-20,Calvin and Hobbes,34
1986-01-20,The Essential Calvin and Hobbes,46
1986-01-21,Calvin and Hobbes,34
1986-01-21,The Essential Calvin and Hobbes,46
1986-01-22,Calvin and Hobbes,35
1986-01-22,The Essential Calvin and Hobbes,46
1986-01-23,Calvin and Hobbes,35
1986-01-23,The Essential Calvin and Hobbes,47
1986-01-24,Calvin and Hobbes,36
1986-01-24,The Essential Calvin and Hobbes,47
1986-01-25,Calvin and Hobbes,36
1986-01-25,The Essential Calvin and Hobbes,47
1986-01-26,Calvin and Hobbes,37
1986-01-26,The Essential Calvin and Hobbes,48
1986-01-27,Calvin and Hobbes,38
1986-01-27,The Essential Calvin and Hobbes,49
1986-01-28,Calvin and Hobbes,38
1986-01-28,The Essential Calvin and Hobbes,49
1986-01-29,The Calvin and Hobbes Tenth Anniversary Book,30
1986-01-29,Calvin and Hobbes,38
1986-01-29,The Essential Calvin and Hobbes,49
1986-01-30,The Calvin and Hobbes Tenth Anniversary Book,26
1986-01-30,Calvin and Hobbes,39
1986-01-30,The Essential Calvin and Hobbes,50
1986-01-31,Calvin and Hobbes,39
1986-01-31,The Essential Calvin and Hobbes,50
1986-02-01,Calvin and Hobbes,39
1986-02-01,The Essential Calvin and Hobbes,50
1986-02-02,Calvin and Hobbes,40
1986-02-02,The Essential Calvin and Hobbes,51
1986-02-03,Calvin and Hobbes,41
1986-02-03,The Essential Calvin and Hobbes,52
1986-02-04,Calvin and Hobbes,41
1986-02-04,The Essential Calvin and Hobbes,52
1986-02-05,Calvin and Hobbes,41
1986-02-05,The Essential Calvin and Hobbes,52
1986-02-06,Calvin and Hobbes,42
1986-02-06,The Essential Calvin and Hobbes,53
1986-02-07,Calvin and Hobbes,42
1986-02-07,The Essential Calvin and Hobbes,53
1986-02-08,Calvin and Hobbes,42
1986-02-08,The Essential Calvin and Hobbes,53
1986-02-09,Calvin and Hobbes,43
1986-02-09,The Essential Calvin and Hobbes,54
1986-02-10,Calvin and Hobbes,44
1986-02-10,The Essential Calvin and Hobbes,55
1986-02-11,Calvin and Hobbes,44
1986-02-11,The Essential Calvin and Hobbes,55
1986-02-12,Calvin and Hobbes,44
1986-02-12,The Essential Calvin and Hobbes,55
1986-02-13,Calvin and Hobbes,45
1986-02-13,The Essential Calvin and Hobbes,56
1986-02-14,Calvin and Hobbes,45
1986-02-14,The Essential Calvin and Hobbes,56
1986-02-15,Calvin and Hobbes,45
1986-02-15,The Essential Calvin and Hobbes,56
1986-02-16,Calvin and Hobbes,46
1986-02-16,The Essential Calvin and Hobbes,57
1986-02-17,Calvin and Hobbes,47
1986-02-17,The Essential Calvin and Hobbes,58
1986-02-18,Calvin and Hobbes,47
1986-02-18,The Essential Calvin and Hobbes,58
1986-02-19,Calvin and Hobbes,47
1986-02-19,The Essential Calvin and Hobbes,58
1986-02-20,Calvin and Hobbes,48
1986-02-20,The Essential Calvin and Hobbes,59
1986-02-21,Calvin and Hobbes,48
1986-02-21,The Essential Calvin and Hobbes,59
1986-02-22,Calvin and Hobbes,48
1986-02-22,The Essential Calvin and Hobbes,59
1986-02-23,Calvin and Hobbes,49
1986-02-23,The Essential Calvin and Hobbes,60
1986-02-24,Calvin and Hobbes,50
1986-02-24,The Essential Calvin and Hobbes,61
1986-02-25,Calvin and Hobbes,50
1986-02-25,The Essential Calvin and Hobbes,61
1986-02-26,Calvin and Hobbes,50
1986-02-26,The Essential Calvin and Hobbes,61
1986-02-27,Calvin and Hobbes,51
1986-02-27,The Essential Calvin and Hobbes,62
1986-02-28,Calvin and Hobbes,51
1986-02-28,The Essential Calvin and Hobbes,62
1986-03-01,Calvin and Hobbes,51
1986-03-01,The Essential Calvin and Hobbes,62
1986-03-02,Calvin and Hobbes,52
1986-03-02,The Essential Calvin and Hobbes,63
1986-03-03,Calvin and Hobbes,53
1986-03-03,The Essential Calvin and Hobbes,64
1986-03-04,Calvin and Hobbes,53
1986-03-04,The Essential Calvin and Hobbes,64
1986-03-05,Calvin and Hobbes,53
1986-03-05,The Essential Calvin and Hobbes,64
1986-03-06,Calvin and Hobbes,54
1986-03-06,The Essential Calvin and Hobbes,65
1986-03-07,Calvin and Hobbes,54
1986-03-07,The Essential Calvin and Hobbes,65
1986-03-08,Calvin and Hobbes,54
1986-03-08,The Essential Calvin and Hobbes,65
1986-03-09,Calvin and Hobbes,55
1986-03-09,The Essential Calvin and Hobbes,66
1986-03-10,Calvin and Hobbes,56
1986-03-10,The Essential Calvin and Hobbes,67
1986-03-11,Calvin and Hobbes,56
1986-03-11,The Essential Calvin and Hobbes,67
1986-03-12,Calvin and Hobbes,57
1986-03-12,The Essential Calvin and Hobbes,67
1986-03-13,Calvin and Hobbes,58
1986-03-13,The Essential Calvin and Hobbes,68
1986-03-14,Calvin and Hobbes,58
1986-03-14,The Essential Calvin and Hobbes,68
1986-03-15,Calvin and Hobbes,57
1986-03-15,The Essential Calvin and Hobbes,68
1986-03-16,Calvin and Hobbes,59
1986-03-16,The Essential Calvin and Hobbes,69
1986-03-17,Calvin and Hobbes,60
1986-03-17,The Essential Calvin and Hobbes,70
1986-03-18,Calvin and Hobbes,60
1986-03-18,The Essential Calvin and Hobbes,70
1986-03-19,Calvin and Hobbes,60
1986-03-19,The Essential Calvin and Hobbes,70
1986-03-20,Calvin and Hobbes,61
1986-03-20,The Essential Calvin and Hobbes,71
1986-03-21,Calvin and Hobbes,61
1986-03-21,The Essential Calvin and Hobbes,71
1986-03-22,Calvin and Hobbes,61
1986-03-22,The Essential Calvin and Hobbes,71
1986-03-23,Calvin and Hobbes: Sunday Pages 1985-1995,24
1986-03-23,Calvin and Hobbes: Sunday Pages 1985-1995,25
1986-03-23,Calvin and Hobbes,62
1986-03-23,The Essential Calvin and Hobbes,72
1986-03-24,Calvin and Hobbes,63
1986-03-24,The Essential Calvin and Hobbes,73
1986-03-25,Calvin and Hobbes,63
1986-03-25,The Essential Calvin and Hobbes,73
1986-03-26,Calvin and Hobbes,63
1986-03-26,The Essential Calvin and Hobbes,73
1986-03-27,Calvin and Hobbes,64
1986-03-27,The Essential Calvin and Hobbes,74
1986-03-28,Calvin and Hobbes,64
1986-03-28,The Essential Calvin and Hobbes,74
1986-03-29,Calvin and Hobbes,64
1986-03-29,The Essential Calvin and Hobbes,74
1986-03-30,Calvin and Hobbes,65
1986-03-30,The Essential Calvin and Hobbes,75
1986-03-31,Calvin and Hobbes,66
1986-03-31,The Essential Calvin and Hobbes,76
1986-04-01,Calvin and Hobbes,66
1986-04-01,The Essential Calvin and Hobbes,76
1986-04-02,Calvin and Hobbes,67
1986-04-02,The Essential Calvin and Hobbes,76
1986-04-03,Calvin and Hobbes,67
1986-04-03,The Essential Calvin and Hobbes,77
1986-04-04,Calvin and Hobbes,68
1986-04-04,The Essential Calvin and Hobbes,77
1986-04-05,Calvin and Hobbes,68
1986-04-05,The Essential Calvin and Hobbes,77
1986-04-06,Calvin and Hobbes,69
1986-04-06,The Essential Calvin and Hobbes,78
1986-04-07,Calvin and Hobbes,70
1986-04-07,The Essential Calvin and Hobbes,79
1986-04-08,Calvin and Hobbes,70
1986-04-08,The Essential Calvin and Hobbes,79
1986-04-09,Calvin and Hobbes,70
1986-04-09,The Essential Calvin and Hobbes,79
1986-04-10,Calvin and Hobbes,71
1986-04-10,The Essential Calvin and Hobbes,80
1986-04-11,Calvin and Hobbes,71
1986-04-11,The Essential Calvin and Hobbes,80
1986-04-12,Calvin and Hobbes,71
1986-04-12,The Essential Calvin and Hobbes,80
1986-04-13,Calvin and Hobbes: Sunday Pages 1985-1995,26
1986-04-13,Calvin and Hobbes: Sunday Pages 1985-1995,27
1986-04-13,Calvin and Hobbes,72
1986-04-13,The Essential Calvin and Hobbes,81
1986-04-14,Calvin and Hobbes,73
1986-04-14,The Essential Calvin and Hobbes,82
1986-04-15,Calvin and Hobbes,73
1986-04-15,The Essential Calvin and Hobbes,82
1986-04-16,Calvin and Hobbes,73
1986-04-16,The Essential Calvin and Hobbes,82
1986-04-17,Calvin and Hobbes,74
1986-04-17,The Essential Calvin and Hobbes,83
1986-04-18,Calvin and Hobbes,74
1986-04-18,The Essential Calvin and Hobbes,83
1986-04-19,Calvin and Hobbes,74
1986-04-19,The Essential Calvin and Hobbes,83
1986-04-20,Calvin and Hobbes,75
1986-04-20,The Essential Calvin and Hobbes,84
1986-04-21,Calvin and Hobbes,76
1986-04-21,The Essential Calvin and Hobbes,85
1986-04-22,Calvin and Hobbes,76
1986-04-22,The Essential Calvin and Hobbes,85
1986-04-23,Calvin and Hobbes,76
1986-04-23,The Essential Calvin and Hobbes,85
1986-04-24,Calvin and Hobbes,77
1986-04-24,The Essential Calvin and Hobbes,86
1986-04-25,Calvin and Hobbes,77
1986-04-25,The Essential Calvin and Hobbes,86
1986-04-26,Calvin and Hobbes,77
1986-04-26,The Essential Calvin and Hobbes,86
1986-04-27,Calvin and Hobbes,78
1986-04-27,The Essential Calvin and Hobbes,87
1986-04-28,Calvin and Hobbes,79
1986-04-28,The Essential Calvin and Hobbes,88
1986-04-29,Calvin and Hobbes,79
1986-04-29,The Essential Calvin and Hobbes,88
1986-04-30,Calvin and Hobbes,79
1986-04-30,The Essential Calvin and Hobbes,88
1986-05-01,Calvin and Hobbes,80
1986-05-01,The Essential Calvin and Hobbes,89
1986-05-02,Calvin and Hobbes,80
1986-05-02,The Essential Calvin and Hobbes,89
1986-05-03,Calvin and Hobbes,80
1986-05-03,The Essential Calvin and Hobbes,89
1986-05-04,Calvin and Hobbes,81
1986-05-04,The Essential Calvin and Hobbes,90
1986-05-05,The Calvin and Hobbes Tenth Anniversary Book,23
1986-05-05,Calvin and Hobbes,82
1986-05-05,The Essential Calvin and Hobbes,91
1986-05-06,Calvin and Hobbes,82
1986-05-06,The Essential Calvin and Hobbes,91
1986-05-07,Calvin and Hobbes,82
1986-05-07,The Essential Calvin and Hobbes,91
1986-05-08,Calvin and Hobbes,83
1986-05-08,The Essential Calvin and Hobbes,92
1986-05-09,Calvin and Hobbes,83
1986-05-09,The Essential Calvin and Hobbes,92
1986-05-10,Calvin and Hobbes,83
1986-05-10,The Essential Calvin and Hobbes,92
1986-05-11,Calvin and Hobbes,84
1986-05-11,The Essential Calvin and Hobbes,93
1986-05-12,Calvin and Hobbes,85
1986-05-12,The Essential Calvin and Hobbes,94
1986-05-13,Calvin and Hobbes,85
1986-05-13,The Essential Calvin and Hobbes,94
1986-05-14,Calvin and Hobbes,85
1986-05-14,The Essential Calvin and Hobbes,94
1986-05-15,Calvin and Hobbes,86
1986-05-15,The Essential Calvin and Hobbes,95
1986-05-16,Calvin and Hobbes,86
1986-05-16,The Essential Calvin and Hobbes,95
1986-05-17,Calvin and Hobbes,86
1986-05-17,The Essential Calvin and Hobbes,95
1986-05-18,Calvin and Hobbes: Sunday Pages 1985-1995,28
1986-05-18,Calvin and Hobbes: Sunday Pages 1985-1995,29
1986-05-18,Calvin and Hobbes,87
1986-05-18,The Essential Calvin and Hobbes,96
1986-05-19,Calvin and Hobbes,88
1986-05-19,The Essential Calvin and Hobbes,97
1986-05-20,Calvin and Hobbes,88
1986-05-20,The Essential Calvin and Hobbes,97
1986-05-21,The Calvin and Hobbes Tenth Anniversary Book,31
1986-05-21,Calvin and Hobbes,88
1986-05-21,The Essential Calvin and Hobbes,97
1986-05-22,Calvin and Hobbes,89
1986-05-22,The Essential Calvin and Hobbes,98
1986-05-23,Calvin and Hobbes,89
1986-05-23,The Essential Calvin and Hobbes,98
1986-05-24,Calvin and Hobbes,89
1986-05-24,The Essential Calvin and Hobbes,98
1986-05-25,Calvin and Hobbes,90
1986-05-25,The Essential Calvin and Hobbes,99
1986-05-26,The Calvin and Hobbes Tenth Anniversary Book,33
1986-05-26,Calvin and Hobbes,91
1986-05-26,The Essential Calvin and Hobbes,100
1986-05-27,The Calvin and Hobbes Tenth Anniversary Book,33
1986-05-27,Calvin and Hobbes,91
1986-05-27,The Essential Calvin and Hobbes,100
1986-05-28,The Calvin and Hobbes Tenth Anniversary Book,34
1986-05-28,Calvin and Hobbes,91
1986-05-28,The Essential Calvin and Hobbes,100
1986-05-29,The Calvin and Hobbes Tenth Anniversary Book,34
1986-05-29,Calvin and Hobbes,92
1986-05-29,The Essential Calvin and Hobbes,101
1986-05-30,The Calvin and Hobbes Tenth Anniversary Book,35
1986-05-30,Calvin and Hobbes,92
1986-05-30,The Essential Calvin and Hobbes,101
1986-05-31,The Calvin and Hobbes Tenth Anniversary Book,35
1986-05-31,Calvin and Hobbes,92
1986-05-31,The Essential Calvin and Hobbes,101
1986-06-01,Calvin and Hobbes,93
1986-06-01,The Essential Calvin and Hobbes,102
1986-06-02,Calvin and Hobbes,94
1986-06-02,The Essential Calvin and Hobbes,103
1986-06-03,Calvin and Hobbes,94
1986-06-03,The Essential Calvin and Hobbes,103
1986-06-04,Calvin and Hobbes,94
1986-06-04,The Essential Calvin and Hobbes,103
1986-06-05,Calvin and Hobbes,95
1986-06-05,The Essential Calvin and Hobbes,104
1986-06-06,Calvin and Hobbes,95
1986-06-06,The Essential Calvin and Hobbes,104
1986-06-07,Calvin and Hobbes,95
1986-06-07,The Essential Calvin and Hobbes,104
1986-06-08,Calvin and Hobbes,96
1986-06-08,The Essential Calvin and Hobbes,105
1986-06-09,Calvin and Hobbes,97
1986-06-09,The Essential Calvin and Hobbes,106
1986-06-10,Calvin and Hobbes,97
1986-06-10,The Essential Calvin and Hobbes,106
1986-06-11,The Calvin and Hobbes Tenth Anniversary Book,32
1986-06-11,Calvin and Hobbes,98
1986-06-11,The Essential Calvin and Hobbes,106
1986-06-12,Calvin and Hobbes,99
1986-06-12,The Essential Calvin and Hobbes,107
1986-06-13,Calvin and Hobbes,99
1986-06-13,The Essential Calvin and Hobbes,107
1986-06-14,Calvin and Hobbes,98
1986-06-14,The Essential Calvin and Hobbes,107
1986-06-15,Calvin and Hobbes,100
1986-06-15,The Essential Calvin and Hobbes,108
1986-06-16,Calvin and Hobbes,101
1986-06-16,The Essential Calvin and Hobbes,109
1986-06-17,Calvin and Hobbes,101
1986-06-17,The Essential Calvin and Hobbes,109
1986-06-18,Calvin and Hobbes,101
1986-06-18,The Essential Calvin and Hobbes,109
1986-06-19,Calvin and Hobbes,102
1986-06-19,The Essential Calvin and Hobbes,110
1986-06-20,Calvin and Hobbes,102
1986-06-20,The Essential Calvin and Hobbes,110
1986-06-21,Calvin and Hobbes,102
1986-06-21,The Essential Calvin and Hobbes,110
1986-06-22,Calvin and Hobbes,103
1986-06-22,The Essential Calvin and Hobbes,111
1986-06-23,Calvin and Hobbes,104
1986-06-23,The Essential Calvin and Hobbes,112
1986-06-24,Calvin and Hobbes,104
1986-06-24,The Essential Calvin and Hobbes,112
1986-06-25,Calvin and Hobbes,104
1986-06-25,The Essential Calvin and Hobbes,112
1986-06-26,Calvin and Hobbes,105
1986-06-26,The Essential Calvin and Hobbes,113
1986-06-27,Calvin and Hobbes,105
1986-06-27,The Essential Calvin and Hobbes,113
1986-06-28,Calvin and Hobbes,105
1986-06-28,The Essential Calvin and Hobbes,113
1986-06-29,Calvin and Hobbes,106
1986-06-29,The Essential Calvin and Hobbes,114
1986-06-30,Calvin and Hobbes,107
1986-06-30,The Essential Calvin and Hobbes,115
1986-07-01,Calvin and Hobbes,107
1986-07-01,The Essential Calvin and Hobbes,115
1986-07-02,Calvin and Hobbes,107
1986-07-02,The Essential Calvin and Hobbes,115
1986-07-03,Calvin and Hobbes,108
1986-07-03,The Essential Calvin and Hobbes,116
1986-07-04,Calvin and Hobbes,108
1986-07-04,The Essential Calvin and Hobbes,116
1986-07-05,Calvin and Hobbes,108
1986-07-05,The Essential Calvin and Hobbes,116
1986-07-06,Calvin and Hobbes,109
1986-07-06,The Essential Calvin and Hobbes,117
1986-07-07,Calvin and Hobbes,110
1986-07-07,The Essential Calvin and Hobbes,119
1986-07-08,Calvin and Hobbes,110
1986-07-08,The Essential Calvin and Hobbes,119
1986-07-09,Calvin and Hobbes,110
1986-07-09,The Essential Calvin and Hobbes,119
1986-07-10,Calvin and Hobbes,111
1986-07-10,The Essential Calvin and Hobbes,120
1986-07-11,Calvin and Hobbes,111
1986-07-11,The Essential Calvin and Hobbes,120
1986-07-12,Calvin and Hobbes,111
1986-07-12,The Essential Calvin and Hobbes,120
1986-07-13,Calvin and Hobbes,112
1986-07-13,The Essential Calvin and Hobbes,118
1986-07-14,Calvin and Hobbes,113
1986-07-14,The Essential Calvin and Hobbes,121
1986-07-15,Calvin and Hobbes,113
1986-07-15,The Essential Calvin and Hobbes,121
1986-07-16,Calvin and Hobbes,113
1986-07-16,The Essential Calvin and Hobbes,121
1986-07-17,Calvin and Hobbes,114
1986-07-17,The Essential Calvin and Hobbes,122
1986-07-18,Calvin and Hobbes,114
1986-07-18,The Essential Calvin and Hobbes,122
1986-07-19,Calvin and Hobbes,114
1986-07-19,The Essential Calvin and Hobbes,122
1986-07-20,Calvin and Hobbes,115
1986-07-20,The Essential Calvin and Hobbes,123
1986-07-21,Calvin and Hobbes,116
1986-07-21,The Essential Calvin and Hobbes,124
1986-07-22,Calvin and Hobbes,116
1986-07-22,The Essential Calvin and Hobbes,124
1986-07-23,Calvin and Hobbes,116
1986-07-23,The Essential Calvin and Hobbes,124
1986-07-24,Calvin and Hobbes,117
1986-07-24,The Essential Calvin and Hobbes,125
1986-07-25,Calvin and Hobbes,117
1986-07-25,The Essential Calvin and Hobbes,125
1986-07-26,Calvin and Hobbes,117
1986-07-26,The Essential Calvin and Hobbes,125
1986-07-27,Calvin and Hobbes,118
1986-07-27,The Essential Calvin and Hobbes,126
1986-07-28,Calvin and Hobbes,119
1986-07-28,The Essential Calvin and Hobbes,127
1986-07-29,Calvin and Hobbes,119
1986-07-29,The Essential Calvin and Hobbes,127
1986-07-30,Calvin and Hobbes,119
1986-07-30,The Essential Calvin and Hobbes,127
1986-07-31,Calvin and Hobbes,120
1986-07-31,The Essential Calvin and Hobbes,128
1986-08-01,Calvin and Hobbes,120
1986-08-01,The Essential Calvin and Hobbes,128
1986-08-02,Calvin and Hobbes,120
1986-08-02,The Essential Calvin and Hobbes,128
1986-08-03,Calvin and Hobbes,121
1986-08-03,The Essential Calvin and Hobbes,129
1986-08-04,Calvin and Hobbes,122
1986-08-04,The Essential Calvin and Hobbes,130
1986-08-05,Calvin and Hobbes,122
1986-08-05,The Essential Calvin and Hobbes,130
1986-08-06,Calvin and Hobbes,122
1986-08-06,The Essential Calvin and Hobbes,130
1986-08-07,Calvin and Hobbes,123
1986-08-07,The Essential Calvin and Hobbes,131
1986-08-08,Calvin and Hobbes,123
1986-08-08,The Essential Calvin and Hobbes,131
1986-08-09,Calvin and Hobbes,123
1986-08-09,The Essential Calvin and Hobbes,131
1986-08-10,Calvin and Hobbes,124
1986-08-10,The Essential Calvin and Hobbes,132
1986-08-11,Calvin and Hobbes,125
1986-08-11,The Essential Calvin and Hobbes,133
1986-08-12,Calvin and Hobbes,125
1986-08-12,The Essential Calvin and Hobbes,133
1986-08-13,Calvin and Hobbes,125
1986-08-13,The Essential Calvin and Hobbes,133
1986-08-14,Calvin and Hobbes,126
1986-08-14,The Essential Calvin and Hobbes,134
1986-08-15,Calvin and Hobbes,126
1986-08-15,The Essential Calvin and Hobbes,134
1986-08-16,Calvin and Hobbes,126
1986-08-16,The Essential Calvin and Hobbes,134
1986-08-17,Calvin and Hobbes,127
1986-08-17,The Essential Calvin and Hobbes,135
1986-08-18,Something Under the Bed is Drooling,6
1986-08-18,The Essential Calvin and Hobbes,136
1986-08-19,Something Under the Bed is Drooling,6
1986-08-19,The Essential Calvin and Hobbes,136
1986-08-20,Something Under the Bed is Drooling,6
1986-08-20,The Essential Calvin and Hobbes,136
1986-08-21,Something Under the Bed is Drooling,7
1986-08-21,The Essential Calvin and Hobbes,137
1986-08-22,Something Under the Bed is Drooling,7
1986-08-22,The Essential Calvin and Hobbes,137
1986-08-23,Something Under the Bed is Drooling,7
1986-08-23,The Essential Calvin and Hobbes,137
1986-08-24,Something Under the Bed is Drooling,8
1986-08-24,The Essential Calvin and Hobbes,138
1986-08-25,Something Under the Bed is Drooling,9
1986-08-25,The Essential Calvin and Hobbes,139
1986-08-26,Something Under the Bed is Drooling,9
1986-08-26,The Calvin and Hobbes Tenth Anniversary Book,30
1986-08-26,The Essential Calvin and Hobbes,139
1986-08-27,Something Under the Bed is Drooling,9
1986-08-27,The Essential Calvin and Hobbes,139
1986-08-28,Something Under the Bed is Drooling,10
1986-08-28,The Essential Calvin and Hobbes,140
1986-08-29,Something Under the Bed is Drooling,10
1986-08-29,The Essential Calvin and Hobbes,140
1986-08-30,Something Under the Bed is Drooling,10
1986-08-30,The Essential Calvin and Hobbes,140
1986-08-31,Something Under the Bed is Drooling,11
1986-08-31,The Essential Calvin and Hobbes,141
1986-09-01,Something Under the Bed is Drooling,12
1986-09-01,The Essential Calvin and Hobbes,142
1986-09-02,Something Under the Bed is Drooling,12
1986-09-02,The Essential Calvin and Hobbes,142
1986-09-03,Something Under the Bed is Drooling,12
1986-09-03,The Essential Calvin and Hobbes,142
1986-09-04,Something Under the Bed is Drooling,13
1986-09-04,The Essential Calvin and Hobbes,143
1986-09-05,Something Under the Bed is Drooling,13
1986-09-05,The Essential Calvin and Hobbes,143
1986-09-06,Something Under the Bed is Drooling,15
1986-09-06,The Essential Calvin and Hobbes,143
1986-09-07,Something Under the Bed is Drooling,14
1986-09-07,The Essential Calvin and Hobbes,144
1986-09-08,Something Under the Bed is Drooling,15
1986-09-08,The Essential Calvin and Hobbes,145
1986-09-09,Something Under the Bed is Drooling,15
1986-09-09,The Essential Calvin and Hobbes,145
1986-09-10,Something Under the Bed is Drooling,16
1986-09-10,The Essential Calvin and Hobbes,145
1986-09-11,Something Under the Bed is Drooling,16
1986-09-11,The Essential Calvin and Hobbes,146
1986-09-12,Something Under the Bed is Drooling,16
1986-09-12,The Essential Calvin and Hobbes,146
1986-09-13,Something Under the Bed is Drooling,18
1986-09-13,The Essential Calvin and Hobbes,146
1986-09-14,Something Under the Bed is Drooling,17
1986-09-14,The Essential Calvin and Hobbes,147
1986-09-15,Something Under the Bed is Drooling,18
1986-09-15,The Essential Calvin and Hobbes,148
1986-09-16,Something Under the Bed is Drooling,19
1986-09-16,The Essential Calvin and Hobbes,148
1986-09-17,Something Under the Bed is Drooling,19
1986-09-17,The Essential Calvin and Hobbes,148
1986-09-18,Something Under the Bed is Drooling,19
1986-09-18,The Essential Calvin and Hobbes,149
1986-09-19,Something Under the Bed is Drooling,20
1986-09-19,The Essential Calvin and Hobbes,149
1986-09-20,Something Under the Bed is Drooling,20
1986-09-20,The Essential Calvin and Hobbes,149
1986-09-21,Something Under the Bed is Drooling,5
1986-09-21,The Essential Calvin and Hobbes,150
1986-09-22,Something Under the Bed is Drooling,22
1986-09-22,The Essential Calvin and Hobbes,151
1986-09-23,Something Under the Bed is Drooling,22
1986-09-23,The Essential Calvin and Hobbes,151
1986-09-24,Something Under the Bed is Drooling,22
1986-09-24,The Essential Calvin and Hobbes,151
1986-09-25,Something Under the Bed is Drooling,23
1986-09-25,The Essential Calvin and Hobbes,152
1986-09-26,Something Under the Bed is Drooling,23
1986-09-26,The Essential Calvin and Hobbes,152
1986-09-27,Something Under the Bed is Drooling,23
1986-09-27,The Essential Calvin and Hobbes,152
1986-09-28,Something Under the Bed is Drooling,21
1986-09-28,The Essential Calvin and Hobbes,153
1986-09-29,Something Under the Bed is Drooling,24
1986-09-29,The Essential Calvin and Hobbes,154
1986-09-30,Something Under the Bed is Drooling,24
1986-09-30,The Essential Calvin and Hobbes,154
1986-10-01,Something Under the Bed is Drooling,24
1986-10-01,The Essential Calvin and Hobbes,154
1986-10-02,Something Under the Bed is Drooling,26
1986-10-02,The Essential Calvin and Hobbes,155
1986-10-03,Something Under the Bed is Drooling,26
1986-10-03,The Essential Calvin and Hobbes,155
1986-10-04,Something Under the Bed is Drooling,26
1986-10-04,The Essential Calvin and Hobbes,155
1986-10-05,Something Under the Bed is Drooling,25
1986-10-05,The Essential Calvin and Hobbes,156
1986-10-06,Something Under the Bed is Drooling,27
1986-10-06,The Essential Calvin and Hobbes,157
1986-10-07,Something Under the Bed is Drooling,27
1986-10-07,The Essential Calvin and Hobbes,157
1986-10-08,Something Under the Bed is Drooling,27
1986-10-08,The Essential Calvin and Hobbes,157
1986-10-09,Something Under the Bed is Drooling,28
1986-10-09,The Essential Calvin and Hobbes,158
1986-10-10,Something Under the Bed is Drooling,28
1986-10-10,The Essential Calvin and Hobbes,158
1986-10-11,Something Under the Bed is Drooling,28
1986-10-11,The Essential Calvin and Hobbes,158
1986-10-12,Something Under the Bed is Drooling,29
1986-10-12,The Essential Calvin and Hobbes,159
1986-10-13,Something Under the Bed is Drooling,30
1986-10-13,The Essential Calvin and Hobbes,160
1986-10-14,Something Under the Bed is Drooling,30
1986-10-14,The Essential Calvin and Hobbes,160
1986-10-15,Something Under the Bed is Drooling,30
1986-10-15,The Essential Calvin and Hobbes,160
1986-10-16,Something Under the Bed is Drooling,31
1986-10-16,The Essential Calvin and Hobbes,161
1986-10-17,Something Under the Bed is Drooling,31
1986-10-17,The Essential Calvin and Hobbes,161
1986-10-18,Something Under the Bed is Drooling,31
1986-10-18,The Essential Calvin and Hobbes,161
1986-10-19,Something Under the Bed is Drooling,32
1986-10-19,The Essential Calvin and Hobbes,162
1986-10-20,Something Under the Bed is Drooling,33
1986-10-20,The Essential Calvin and Hobbes,163
1986-10-21,Something Under the Bed is Drooling,33
1986-10-21,The Essential Calvin and Hobbes,163
1986-10-22,Something Under the Bed is Drooling,33
1986-10-22,The Essential Calvin and Hobbes,163
1986-10-23,Something Under the Bed is Drooling,34
1986-10-23,The Essential Calvin and Hobbes,164
1986-10-24,Something Under the Bed is Drooling,34
1986-10-24,The Essential Calvin and Hobbes,164
1986-10-25,Something Under the Bed is Drooling,34
1986-10-25,The Essential Calvin and Hobbes,164
1986-10-26,Something Under the Bed is Drooling,35
1986-10-26,The Essential Calvin and Hobbes,165
1986-10-27,Something Under the Bed is Drooling,36
1986-10-27,The Essential Calvin and Hobbes,166
1986-10-28,Something Under the Bed is Drooling,36
1986-10-28,The Essential Calvin and Hobbes,166
1986-10-29,Something Under the Bed is Drooling,38
1986-10-29,The Essential Calvin and Hobbes,166
1986-10-30,Something Under the Bed is Drooling,38
1986-10-30,The Essential Calvin and Hobbes,167
1986-10-31,Something Under the Bed is Drooling,38
1986-10-31,The Essential Calvin and Hobbes,167
1986-11-01,Something Under the Bed is Drooling,39
1986-11-01,The Essential Calvin and Hobbes,167
1986-11-02,Something Under the Bed is Drooling,37
1986-11-02,The Essential Calvin and Hobbes,168
1986-11-03,Something Under the Bed is Drooling,39
1986-11-03,The Essential Calvin and Hobbes,169
1986-11-04,Something Under the Bed is Drooling,39
1986-11-04,The Essential Calvin and Hobbes,169
1986-11-05,Something Under the Bed is Drooling,40
1986-11-05,The Essential Calvin and Hobbes,169
1986-11-06,Something Under the Bed is Drooling,40
1986-11-06,The Essential Calvin and Hobbes,170
1986-11-07,Something Under the Bed is Drooling,40
1986-11-07,The Essential Calvin and Hobbes,170
1986-11-08,Something Under the Bed is Drooling,41
1986-11-08,The Essential Calvin and Hobbes,170
1986-11-09,Something Under the Bed is Drooling,45
1986-11-09,The Essential Calvin and Hobbes,171
1986-11-10,Something Under the Bed is Drooling,41
1986-11-10,The Essential Calvin and Hobbes,172
1986-11-11,Something Under the Bed is Drooling,41
1986-11-11,The Essential Calvin and Hobbes,172
1986-11-12,Something Under the Bed is Drooling,42
1986-11-12,The Essential Calvin and Hobbes,172
1986-11-13,Something Under the Bed is Drooling,42
1986-11-13,The Essential Calvin and Hobbes,173
1986-11-14,Something Under the Bed is Drooling,42
1986-11-14,The Essential Calvin and Hobbes,173
1986-11-15,Something Under the Bed is Drooling,43
1986-11-15,The Essential Calvin and Hobbes,173
1986-11-16,Something Under the Bed is Drooling,47
1986-11-16,The Essential Calvin and Hobbes,176
1986-11-17,Something Under the Bed is Drooling,43
1986-11-17,The Essential Calvin and Hobbes,174
1986-11-18,Something Under the Bed is Drooling,43
1986-11-18,The Essential Calvin and Hobbes,174
1986-11-19,Something Under the Bed is Drooling,44
1986-11-19,The Essential Calvin and Hobbes,174
1986-11-20,Something Under the Bed is Drooling,44
1986-11-20,The Essential Calvin and Hobbes,175
1986-11-21,Something Under the Bed is Drooling,44
1986-11-21,The Essential Calvin and Hobbes,175
1986-11-22,Something Under the Bed is Drooling,46
1986-11-22,The Essential Calvin and Hobbes,175
1986-11-23,Something Under the Bed is Drooling,49
1986-11-23,The Essential Calvin and Hobbes,179
1986-11-24,Something Under the Bed is Drooling,46
1986-11-24,The Essential Calvin and Hobbes,177
1986-11-25,Something Under the Bed is Drooling,46
1986-11-25,The Essential Calvin and Hobbes,177
1986-11-26,Something Under the Bed is Drooling,48
1986-11-26,The Essential Calvin and Hobbes,177
1986-11-27,Something Under the Bed is Drooling,48
1986-11-27,The Essential Calvin and Hobbes,178
1986-11-28,Something Under the Bed is Drooling,48
1986-11-28,The Essential Calvin and Hobbes,178
1986-11-29,Something Under the Bed is Drooling,52
1986-11-29,The Essential Calvin and Hobbes,178
1986-11-30,Something Under the Bed is Drooling,53
1986-11-30,The Essential Calvin and Hobbes,182
1986-12-01,Something Under the Bed is Drooling,50
1986-12-01,The Essential Calvin and Hobbes,180
1986-12-02,Something Under the Bed is Drooling,50
1986-12-02,The Essential Calvin and Hobbes,180
1986-12-03,Something Under the Bed is Drooling,50
1986-12-03,The Essential Calvin and Hobbes,180
1986-12-04,Something Under the Bed is Drooling,51
1986-12-04,The Essential Calvin and Hobbes,181
1986-12-05,Something Under the Bed is Drooling,51
1986-12-05,The Essential Calvin and Hobbes,181
1986-12-06,Something Under the Bed is Drooling,51
1986-12-06,The Essential Calvin and Hobbes,181
1986-12-07,Something Under the Bed is Drooling,56
1986-12-07,The Essential Calvin and Hobbes,185
1986-12-08,Something Under the Bed is Drooling,52
1986-12-08,The Essential Calvin and Hobbes,183
1986-12-09,Something Under the Bed is Drooling,52
1986-12-09,The Essential Calvin and Hobbes,183
1986-12-10,Something Under the Bed is Drooling,54
1986-12-10,The Essential Calvin and Hobbes,183
1986-12-11,Something Under the Bed is Drooling,54
1986-12-11,The Essential Calvin and Hobbes,184
1986-12-12,Something Under the Bed is Drooling,55
1986-12-12,The Essential Calvin and Hobbes,184
1986-12-13,Something Under the Bed is Drooling,55
1986-12-13,The Essential Calvin and Hobbes,184
1986-12-14,Something Under the Bed is Drooling,61
1986-12-14,The Essential Calvin and Hobbes,186
1986-12-15,Something Under the Bed is Drooling,55
1986-12-15,The Essential Calvin and Hobbes,187
1986-12-16,Something Under the Bed is Drooling,58
1986-12-16,The Essential Calvin and Hobbes,187
1986-12-17,Something Under the Bed is Drooling,57
1986-12-17,The Essential Calvin and Hobbes,188
1986-12-18,Something Under the Bed is Drooling,57
1986-12-18,The Essential Calvin and Hobbes,188
1986-12-19,Something Under the Bed is Drooling,57
1986-12-19,The Essential Calvin and Hobbes,188
1986-12-20,Something Under the Bed is Drooling,58
1986-12-20,The Essential Calvin and Hobbes,187
1986-12-21,Something Under the Bed is Drooling,62
1986-12-21,The Essential Calvin and Hobbes,189
1986-12-22,Something Under the Bed is Drooling,59
1986-12-22,The Essential Calvin and Hobbes,190
1986-12-23,Something Under the Bed is Drooling,59
1986-12-23,The Essential Calvin and Hobbes,190
1986-12-24,Something Under the Bed is Drooling,59
1986-12-24,The Essential Calvin and Hobbes,190
1986-12-25,Something Under the Bed is Drooling,60
1986-12-25,The Essential Calvin and Hobbes,191
1986-12-26,Something Under the Bed is Drooling,60
1986-12-26,The Essential Calvin and Hobbes,191
1986-12-27,Something Under the Bed is Drooling,60
1986-12-27,The Essential Calvin and Hobbes,191
1986-12-28,Something Under the Bed is Drooling,65
1986-12-28,The Essential Calvin and Hobbes,192
1986-12-29,Something Under the Bed is Drooling,63
1986-12-29,The Essential Calvin and Hobbes,193
1986-12-30,Something Under the Bed is Drooling,63
1986-12-30,The Essential Calvin and Hobbes,193
1986-12-31,Something Under the Bed is Drooling,63
1986-12-31,The Essential Calvin and Hobbes,193
1987-01-01,Something Under the Bed is Drooling,64
1987-01-01,The Essential Calvin and Hobbes,194
1987-01-02,Something Under the Bed is Drooling,64
1987-01-02,The Essential Calvin and Hobbes,194
1987-01-03,The Calvin and Hobbes Tenth Anniversary Book,53
1987-01-03,Something Under the Bed is Drooling,64
1987-01-03,The Essential Calvin and Hobbes,194
1987-01-04,Something Under the Bed is Drooling,68
1987-01-04,The Essential Calvin and Hobbes,195
1987-01-05,Something Under the Bed is Drooling,66
1987-01-05,The Essential Calvin and Hobbes,196
1987-01-06,Something Under the Bed is Drooling,66
1987-01-06,The Essential Calvin and Hobbes,196
1987-01-07,The Calvin and Hobbes Tenth Anniversary Book,43
1987-01-07,Something Under the Bed is Drooling,66
1987-01-07,The Essential Calvin and Hobbes,196
1987-01-08,Something Under the Bed is Drooling,67
1987-01-08,The Essential Calvin and Hobbes,197
1987-01-09,Something Under the Bed is Drooling,67
1987-01-09,The Essential Calvin and Hobbes,197
1987-01-10,Something Under the Bed is Drooling,67
1987-01-10,The Essential Calvin and Hobbes,197
1987-01-11,Something Under the Bed is Drooling,71
1987-01-11,The Essential Calvin and Hobbes,198
1987-01-12,Something Under the Bed is Drooling,69
1987-01-12,The Essential Calvin and Hobbes,199
1987-01-13,Something Under the Bed is Drooling,69
1987-01-13,The Essential Calvin and Hobbes,199
1987-01-14,Something Under the Bed is Drooling,69
1987-01-14,The Essential Calvin and Hobbes,199
1987-01-15,Something Under the Bed is Drooling,70
1987-01-15,The Essential Calvin and Hobbes,200
1987-01-16,Something Under the Bed is Drooling,70
1987-01-16,The Essential Calvin and Hobbes,200
1987-01-17,Something Under the Bed is Drooling,70
1987-01-17,The Essential Calvin and Hobbes,200
1987-01-18,The Calvin and Hobbes Tenth Anniversary Book,42
1987-01-18,Something Under the Bed is Drooling,72
1987-01-18,The Essential Calvin and Hobbes,201
1987-01-19,Something Under the Bed is Drooling,73
1987-01-19,The Essential Calvin and Hobbes,202
1987-01-20,Something Under the Bed is Drooling,73
1987-01-20,The Essential Calvin and Hobbes,202
1987-01-21,Something Under the Bed is Drooling,73
1987-01-21,The Essential Calvin and Hobbes,202
1987-01-22,Something Under the Bed is Drooling,74
1987-01-22,The Essential Calvin and Hobbes,203
1987-01-23,Something Under the Bed is Drooling,74
1987-01-23,The Essential Calvin and Hobbes,203
1987-01-24,Something Under the Bed is Drooling,74
1987-01-24,The Essential Calvin and Hobbes,203
1987-01-25,Something Under the Bed is Drooling,77
1987-01-25,The Essential Calvin and Hobbes,206
1987-01-26,Something Under the Bed is Drooling,75
1987-01-26,The Essential Calvin and Hobbes,204
1987-01-27,Something Under the Bed is Drooling,75
1987-01-27,The Essential Calvin and Hobbes,204
1987-01-28,Something Under the Bed is Drooling,75
1987-01-28,The Essential Calvin and Hobbes,204
1987-01-29,Something Under the Bed is Drooling,76
1987-01-29,The Essential Calvin and Hobbes,205
1987-01-30,Something Under the Bed is Drooling,76
1987-01-30,The Essential Calvin and Hobbes,205
1987-01-31,Something Under the Bed is Drooling,76
1987-01-31,The Essential Calvin and Hobbes,205
1987-02-01,Calvin and Hobbes: Sunday Pages 1985-1995,30
1987-02-01,Calvin and Hobbes: Sunday Pages 1985-1995,31
1987-02-01,The Calvin and Hobbes Tenth Anniversary Book,36
1987-02-01,Something Under the Bed is Drooling,80
1987-02-01,The Essential Calvin and Hobbes,209
1987-02-02,Something Under the Bed is Drooling,78
1987-02-02,The Essential Calvin and Hobbes,207
1987-02-03,Something Under the Bed is Drooling,78
1987-02-03,The Essential Calvin and Hobbes,207
1987-02-04,Something Under the Bed is Drooling,78
1987-02-04,The Essential Calvin and Hobbes,207
1987-02-05,Something Under the Bed is Drooling,79
1987-02-05,The Essential Calvin and Hobbes,208
1987-02-06,Something Under the Bed is Drooling,79
1987-02-06,The Essential Calvin and Hobbes,208
1987-02-07,Something Under the Bed is Drooling,81
1987-02-07,The Essential Calvin and Hobbes,208
1987-02-08,Something Under the Bed is Drooling,83
1987-02-08,The Essential Calvin and Hobbes,210
1987-02-09,Something Under the Bed is Drooling,81
1987-02-09,The Essential Calvin and Hobbes,211
1987-02-10,Something Under the Bed is Drooling,81
1987-02-10,The Essential Calvin and Hobbes,211
1987-02-11,Something Under the Bed is Drooling,82
1987-02-11,The Essential Calvin and Hobbes,211
1987-02-12,Something Under the Bed is Drooling,82
1987-02-12,The Essential Calvin and Hobbes,212
1987-02-13,Something Under the Bed is Drooling,82
1987-02-13,The Essential Calvin and Hobbes,212
1987-02-14,Something Under the Bed is Drooling,85
1987-02-14,The Essential Calvin and Hobbes,212
1987-02-15,Calvin and Hobbes: Sunday Pages 1985-1995,32
1987-02-15,Calvin and Hobbes: Sunday Pages 1985-1995,33
1987-02-15,The Calvin and Hobbes Tenth Anniversary Book,44
1987-02-15,Something Under the Bed is Drooling,84
1987-02-15,The Essential Calvin and Hobbes,213
1987-02-16,Something Under the Bed is Drooling,85
1987-02-16,The Essential Calvin and Hobbes,214
1987-02-17,Something Under the Bed is Drooling,85
1987-02-17,The Essential Calvin and Hobbes,214
1987-02-18,Something Under the Bed is Drooling,86
1987-02-18,The Essential Calvin and Hobbes,214
1987-02-19,Something Under the Bed is Drooling,86
1987-02-19,The Essential Calvin and Hobbes,215
1987-02-20,Something Under the Bed is Drooling,88
1987-02-20,The Essential Calvin and Hobbes,215
1987-02-21,Something Under the Bed is Drooling,88
1987-02-21,The Essential Calvin and Hobbes,215
1987-02-22,Something Under the Bed is Drooling,87
1987-02-22,The Essential Calvin and Hobbes,216
1987-02-23,Something Under the Bed is Drooling,89
1987-02-23,The Essential Calvin and Hobbes,217
1987-02-24,Something Under the Bed is Drooling,89
1987-02-24,The Essential Calvin and Hobbes,217
1987-02-25,Something Under the Bed is Drooling,89
1987-02-25,The Essential Calvin and Hobbes,217
1987-02-26,Something Under the Bed is Drooling,90
1987-02-26,The Essential Calvin and Hobbes,218
1987-02-27,Something Under the Bed is Drooling,90
1987-02-27,The Essential Calvin and Hobbes,218
1987-02-28,Something Under the Bed is Drooling,90
1987-02-28,The Essential Calvin and Hobbes,218
1987-03-01,Something Under the Bed is Drooling,91
1987-03-01,The Essential Calvin and Hobbes,219
1987-03-02,Something Under the Bed is Drooling,92
1987-03-02,The Essential Calvin and Hobbes,220
1987-03-03,Something Under the Bed is Drooling,92
1987-03-03,The Essential Calvin and Hobbes,220
1987-03-04,Something Under the Bed is Drooling,92
1987-03-04,The Essential Calvin and Hobbes,220
1987-03-05,Something Under the Bed is Drooling,93
1987-03-05,The Essential Calvin and Hobbes,221
1987-03-06,Something Under the Bed is Drooling,93
1987-03-06,The Essential Calvin and Hobbes,221
1987-03-07,Something Under the Bed is Drooling,119
1987-03-07,The Essential Calvin and Hobbes,221
1987-03-08,Something Under the Bed is Drooling,97
1987-03-08,The Essential Calvin and Hobbes,222
1987-03-09,The Calvin and Hobbes Tenth Anniversary Book,37
1987-03-09,Something Under the Bed is Drooling,94
1987-03-09,The Essential Calvin and Hobbes,223
1987-03-10,The Calvin and Hobbes Tenth Anniversary Book,38
1987-03-10,Something Under the Bed is Drooling,94
1987-03-10,The Essential Calvin and Hobbes,223
1987-03-11,The Calvin and Hobbes Tenth Anniversary Book,38
1987-03-11,Something Under the Bed is Drooling,94
1987-03-11,The Essential Calvin and Hobbes,223
1987-03-12,The Calvin and Hobbes Tenth Anniversary Book,39
1987-03-12,Something Under the Bed is Drooling,95
1987-03-12,The Essential Calvin and Hobbes,224
1987-03-13,The Calvin and Hobbes Tenth Anniversary Book,39
1987-03-13,Something Under the Bed is Drooling,95
1987-03-13,The Essential Calvin and Hobbes,224
1987-03-14,The Calvin and Hobbes Tenth Anniversary Book,40
1987-03-14,Something Under the Bed is Drooling,95
1987-03-14,The Essential Calvin and Hobbes,224
1987-03-15,Something Under the Bed is Drooling,98
1987-03-15,The Essential Calvin and Hobbes,226
1987-03-16,The Calvin and Hobbes Tenth Anniversary Book,40
1987-03-16,Something Under the Bed is Drooling,96
1987-03-16,The Essential Calvin and Hobbes,225
1987-03-17,The Calvin and Hobbes Tenth Anniversary Book,41
1987-03-17,Something Under the Bed is Drooling,96
1987-03-17,The Essential Calvin and Hobbes,225
1987-03-18,The Calvin and Hobbes Tenth Anniversary Book,41
1987-03-18,Something Under the Bed is Drooling,96
1987-03-18,The Essential Calvin and Hobbes,225
1987-03-19,Something Under the Bed is Drooling,99
1987-03-19,The Essential Calvin and Hobbes,227
1987-03-20,Something Under the Bed is Drooling,99
1987-03-20,The Essential Calvin and Hobbes,227
1987-03-21,Something Under the Bed is Drooling,99
1987-03-21,The Essential Calvin and Hobbes,227
1987-03-22,Something Under the Bed is Drooling,100
1987-03-22,The Essential Calvin and Hobbes,228
1987-03-23,The Calvin and Hobbes Tenth Anniversary Book,54
1987-03-23,Something Under the Bed is Drooling,101
1987-03-23,The Essential Calvin and Hobbes,229
1987-03-24,The Calvin and Hobbes Tenth Anniversary Book,55
1987-03-24,Something Under the Bed is Drooling,101
1987-03-24,The Essential Calvin and Hobbes,229
1987-03-25,The Calvin and Hobbes Tenth Anniversary Book,55
1987-03-25,Something Under the Bed is Drooling,101
1987-03-25,The Essential Calvin and Hobbes,229
1987-03-26,The Calvin and Hobbes Tenth Anniversary Book,56
1987-03-26,Something Under the Bed is Drooling,102
1987-03-26,The Essential Calvin and Hobbes,230
1987-03-27,The Calvin and Hobbes Tenth Anniversary Book,56
1987-03-27,Something Under the Bed is Drooling,102
1987-03-27,The Essential Calvin and Hobbes,230
1987-03-28,The Calvin and Hobbes Tenth Anniversary Book,57
1987-03-28,Something Under the Bed is Drooling,102
1987-03-28,The Essential Calvin and Hobbes,230
1987-03-29,Something Under the Bed is Drooling,105
1987-03-29,The Essential Calvin and Hobbes,233
1987-03-30,The Calvin and Hobbes Tenth Anniversary Book,57
1987-03-30,Something Under the Bed is Drooling,103
1987-03-30,The Essential Calvin and Hobbes,231
1987-03-31,The Calvin and Hobbes Tenth Anniversary Book,58
1987-03-31,Something Under the Bed is Drooling,103
1987-03-31,The Essential Calvin and Hobbes,231
1987-04-01,The Calvin and Hobbes Tenth Anniversary Book,58
1987-04-01,Something Under the Bed is Drooling,103
1987-04-01,The Essential Calvin and Hobbes,231
1987-04-02,The Calvin and Hobbes Tenth Anniversary Book,59
1987-04-02,Something Under the Bed is Drooling,104
1987-04-02,The Essential Calvin and Hobbes,232
1987-04-03,The Calvin and Hobbes Tenth Anniversary Book,59
1987-04-03,Something Under the Bed is Drooling,104
1987-04-03,The Essential Calvin and Hobbes,232
1987-04-04,Something Under the Bed is Drooling,104
1987-04-04,The Essential Calvin and Hobbes,232
1987-04-05,Something Under the Bed is Drooling,106
1987-04-05,The Essential Calvin and Hobbes,234
1987-04-06,Something Under the Bed is Drooling,107
1987-04-06,The Essential Calvin and Hobbes,235
1987-04-07,Something Under the Bed is Drooling,107
1987-04-07,The Essential Calvin and Hobbes,235
1987-04-08,Something Under the Bed is Drooling,107
1987-04-08,The Essential Calvin and Hobbes,235
1987-04-09,Something Under the Bed is Drooling,108
1987-04-09,The Essential Calvin and Hobbes,236
1987-04-10,Something Under the Bed is Drooling,108
1987-04-10,The Essential Calvin and Hobbes,236
1987-04-11,Something Under the Bed is Drooling,108
1987-04-11,The Essential Calvin and Hobbes,236
1987-04-12,Something Under the Bed is Drooling,109
1987-04-12,The Essential Calvin and Hobbes,237
1987-04-13,Something Under the Bed is Drooling,110
1987-04-13,The Essential Calvin and Hobbes,238
1987-04-14,Something Under the Bed is Drooling,110
1987-04-14,The Essential Calvin and Hobbes,238
1987-04-15,Something Under the Bed is Drooling,110
1987-04-15,The Essential Calvin and Hobbes,238
1987-04-16,Something Under the Bed is Drooling,111
1987-04-16,The Essential Calvin and Hobbes,239
1987-04-17,Something Under the Bed is Drooling,111
1987-04-17,The Essential Calvin and Hobbes,239
1987-04-18,The Calvin and Hobbes Tenth Anniversary Book,53
1987-04-18,Something Under the Bed is Drooling,113
1987-04-18,The Essential Calvin and Hobbes,239
1987-04-19,Something Under the Bed is Drooling,112
1987-04-19,The Essential Calvin and Hobbes,240
1987-04-20,Something Under the Bed is Drooling,113
1987-04-20,The Essential Calvin and Hobbes,241
1987-04-21,Something Under the Bed is Drooling,113
1987-04-21,The Essential Calvin and Hobbes,241
1987-04-22,Something Under the Bed is Drooling,114
1987-04-22,The Essential Calvin and Hobbes,241
1987-04-23,Something Under the Bed is Drooling,114
1987-04-23,The Essential Calvin and Hobbes,242
1987-04-24,Something Under the Bed is Drooling,114
1987-04-24,The Essential Calvin and Hobbes,242
1987-04-25,Something Under the Bed is Drooling,116
1987-04-25,The Essential Calvin and Hobbes,242
1987-04-26,Something Under the Bed is Drooling,115
1987-04-26,The Essential Calvin and Hobbes,243
1987-04-27,Something Under the Bed is Drooling,116
1987-04-27,The Essential Calvin and Hobbes,244
1987-04-28,Something Under the Bed is Drooling,116
1987-04-28,The Essential Calvin and Hobbes,244
1987-04-29,Something Under the Bed is Drooling,117
1987-04-29,The Essential Calvin and Hobbes,244
1987-04-30,Something Under the Bed is Drooling,117
1987-04-30,The Essential Calvin and Hobbes,245
1987-05-01,Something Under the Bed is Drooling,118
1987-05-01,The Essential Calvin and Hobbes,245
1987-05-02,Something Under the Bed is Drooling,118
1987-05-02,The Essential Calvin and Hobbes,245
1987-05-03,Something Under the Bed is Drooling,120
1987-05-03,The Essential Calvin and Hobbes,246
1987-05-04,Something Under the Bed is Drooling,119
1987-05-04,The Essential Calvin and Hobbes,247
1987-05-05,Something Under the Bed is Drooling,119
1987-05-05,The Essential Calvin and Hobbes,247
1987-05-06,Something Under the Bed is Drooling,121
1987-05-06,The Essential Calvin and Hobbes,247
1987-05-07,Something Under the Bed is Drooling,121
1987-05-07,The Essential Calvin and Hobbes,248
1987-05-08,Something Under the Bed is Drooling,121
1987-05-08,The Essential Calvin and Hobbes,248
1987-05-09,Something Under the Bed is Drooling,123
1987-05-09,The Essential Calvin and Hobbes,248
1987-05-10,Something Under the Bed is Drooling,122
1987-05-10,The Essential Calvin and Hobbes,249
1987-05-11,The Calvin and Hobbes Tenth Anniversary Book,46
1987-05-11,Something Under the Bed is Drooling,123
1987-05-11,The Essential Calvin and Hobbes,250
1987-05-12,The Calvin and Hobbes Tenth Anniversary Book,46
1987-05-12,Something Under the Bed is Drooling,123
1987-05-12,The Essential Calvin and Hobbes,250
1987-05-13,The Calvin and Hobbes Tenth Anniversary Book,47
1987-05-13,Something Under the Bed is Drooling,124
1987-05-13,The Essential Calvin and Hobbes,250
1987-05-14,The Calvin and Hobbes Tenth Anniversary Book,47
1987-05-14,Something Under the Bed is Drooling,124
1987-05-14,The Essential Calvin and Hobbes,251
1987-05-15,The Calvin and Hobbes Tenth Anniversary Book,48
1987-05-15,Something Under the Bed is Drooling,124
1987-05-15,The Essential Calvin and Hobbes,251
1987-05-16,The Calvin and Hobbes Tenth Anniversary Book,48
1987-05-16,Something Under the Bed is Drooling,125
1987-05-16,The Essential Calvin and Hobbes,251
1987-05-17,The Calvin and Hobbes Tenth Anniversary Book,51
1987-05-17,Something Under the Bed is Drooling,127
1987-05-17,The Essential Calvin and Hobbes,254
1987-05-18,The Calvin and Hobbes Tenth Anniversary Book,49
1987-05-18,Something Under the Bed is Drooling,125
1987-05-18,The Essential Calvin and Hobbes,252
1987-05-19,The Calvin and Hobbes Tenth Anniversary Book,49
1987-05-19,Something Under the Bed is Drooling,125
1987-05-19,The Essential Calvin and Hobbes,252
1987-05-20,The Calvin and Hobbes Tenth Anniversary Book,50
1987-05-20,Something Under the Bed is Drooling,126
1987-05-20,The Essential Calvin and Hobbes,252
1987-05-21,The Calvin and Hobbes Tenth Anniversary Book,50
1987-05-21,Something Under the Bed is Drooling,126
1987-05-21,The Essential Calvin and Hobbes,253
1987-05-22,Something Under the Bed is Drooling,117
1987-05-22,The Essential Calvin and Hobbes,253
1987-05-23,The Essential Calvin and Hobbes,253
1987-05-24,Yukon Ho!,5
1987-05-24,The Authoritative Calvin and Hobbes,15
1987-05-24,The Calvin and Hobbes Lazy Sunday Book,16
1987-05-25,Yukon Ho!,7
1987-05-25,The Authoritative Calvin and Hobbes,16
1987-05-26,Yukon Ho!,7
1987-05-26,The Authoritative Calvin and Hobbes,16
1987-05-27,Yukon Ho!,7
1987-05-27,The Authoritative Calvin and Hobbes,16
1987-05-28,Yukon Ho!,8
1987-05-28,The Authoritative Calvin and Hobbes,17
1987-05-29,Yukon Ho!,8
1987-05-29,The Authoritative Calvin and Hobbes,17
1987-05-30,Yukon Ho!,8
1987-05-30,The Authoritative Calvin and Hobbes,17
1987-05-31,Yukon Ho!,9
1987-05-31,The Calvin and Hobbes Lazy Sunday Book,17
1987-05-31,The Authoritative Calvin and Hobbes,18
1987-06-01,Yukon Ho!,6
1987-06-01,The Authoritative Calvin and Hobbes,19
1987-06-02,Yukon Ho!,6
1987-06-02,The Authoritative Calvin and Hobbes,19
1987-06-03,Yukon Ho!,10
1987-06-03,The Authoritative Calvin and Hobbes,19
1987-06-04,Yukon Ho!,10
1987-06-04,The Authoritative Calvin and Hobbes,20
1987-06-05,Yukon Ho!,12
1987-06-05,The Authoritative Calvin and Hobbes,20
1987-06-06,Yukon Ho!,12
1987-06-06,The Authoritative Calvin and Hobbes,20
1987-06-07,Yukon Ho!,11
1987-06-07,The Calvin and Hobbes Lazy Sunday Book,18
1987-06-07,The Authoritative Calvin and Hobbes,21
1987-06-08,Yukon Ho!,12
1987-06-08,The Authoritative Calvin and Hobbes,22
1987-06-08,The Calvin and Hobbes Tenth Anniversary Book,43
1987-06-09,Yukon Ho!,13
1987-06-09,The Authoritative Calvin and Hobbes,22
1987-06-10,Yukon Ho!,13
1987-06-10,The Authoritative Calvin and Hobbes,22
1987-06-11,Yukon Ho!,14
1987-06-11,The Authoritative Calvin and Hobbes,23
1987-06-12,Yukon Ho!,14
1987-06-12,The Authoritative Calvin and Hobbes,23
1987-06-13,Yukon Ho!,14
1987-06-13,The Authoritative Calvin and Hobbes,23
1987-06-14,Yukon Ho!,15
1987-06-14,The Calvin and Hobbes Lazy Sunday Book,19
1987-06-14,The Authoritative Calvin and Hobbes,24
1987-06-15,Yukon Ho!,16
1987-06-15,The Authoritative Calvin and Hobbes,25
1987-06-16,Yukon Ho!,16
1987-06-16,The Authoritative Calvin and Hobbes,25
1987-06-17,Yukon Ho!,16
1987-06-17,The Authoritative Calvin and Hobbes,25
1987-06-18,Yukon Ho!,17
1987-06-18,The Authoritative Calvin and Hobbes,26
1987-06-19,Yukon Ho!,17
1987-06-19,The Authoritative Calvin and Hobbes,26
1987-06-20,Yukon Ho!,17
1987-06-20,The Authoritative Calvin and Hobbes,26
1987-06-21,Yukon Ho!,18
1987-06-21,The Calvin and Hobbes Lazy Sunday Book,20
1987-06-21,The Authoritative Calvin and Hobbes,27
1987-06-22,Yukon Ho!,19
1987-06-22,The Authoritative Calvin and Hobbes,28
1987-06-23,Yukon Ho!,19
1987-06-23,The Authoritative Calvin and Hobbes,28
1987-06-24,Yukon Ho!,19
1987-06-24,The Authoritative Calvin and Hobbes,28
1987-06-25,Yukon Ho!,20
1987-06-25,The Authoritative Calvin and Hobbes,29
1987-06-26,Yukon Ho!,20
1987-06-26,The Authoritative Calvin and Hobbes,29
1987-06-27,Yukon Ho!,20
1987-06-27,The Authoritative Calvin and Hobbes,29
1987-06-28,Yukon Ho!,21
1987-06-28,The Calvin and Hobbes Lazy Sunday Book,21
1987-06-28,The Authoritative Calvin and Hobbes,30
1987-06-29,Yukon Ho!,22
1987-06-29,The Authoritative Calvin and Hobbes,31
1987-06-30,Yukon Ho!,22
1987-06-30,The Authoritative Calvin and Hobbes,31
1987-07-01,Yukon Ho!,10
1987-07-01,The Authoritative Calvin and Hobbes,31
1987-07-02,Yukon Ho!,23
1987-07-02,The Authoritative Calvin and Hobbes,32
1987-07-03,Yukon Ho!,23
1987-07-03,The Authoritative Calvin and Hobbes,32
1987-07-04,Yukon Ho!,23
1987-07-04,The Authoritative Calvin and Hobbes,32
1987-07-05,The Calvin and Hobbes Lazy Sunday Book,22
1987-07-05,Yukon Ho!,24
1987-07-05,The Authoritative Calvin and Hobbes,33
1987-07-05,Calvin and Hobbes: Sunday Pages 1985-1995,34
1987-07-05,Calvin and Hobbes: Sunday Pages 1985-1995,35
1987-07-05,The Calvin and Hobbes Tenth Anniversary Book,69
1987-07-06,Yukon Ho!,25
1987-07-06,The Authoritative Calvin and Hobbes,34
1987-07-07,Yukon Ho!,25
1987-07-07,The Authoritative Calvin and Hobbes,34
1987-07-08,Yukon Ho!,25
1987-07-08,The Authoritative Calvin and Hobbes,34
1987-07-09,Yukon Ho!,26
1987-07-09,The Authoritative Calvin and Hobbes,35
1987-07-10,Yukon Ho!,26
1987-07-10,The Authoritative Calvin and Hobbes,35
1987-07-11,Yukon Ho!,26
1987-07-11,The Authoritative Calvin and Hobbes,35
1987-07-12,The Calvin and Hobbes Lazy Sunday Book,23
1987-07-12,Yukon Ho!,27
1987-07-12,The Authoritative Calvin and Hobbes,36
1987-07-13,Yukon Ho!,28
1987-07-13,The Authoritative Calvin and Hobbes,37
1987-07-14,Yukon Ho!,28
1987-07-14,The Authoritative Calvin and Hobbes,37
1987-07-15,Yukon Ho!,28
1987-07-15,The Authoritative Calvin and Hobbes,37
1987-07-16,Yukon Ho!,29
1987-07-16,The Authoritative Calvin and Hobbes,38
1987-07-17,Yukon Ho!,29
1987-07-17,The Authoritative Calvin and Hobbes,38
1987-07-18,Yukon Ho!,29
1987-07-18,The Authoritative Calvin and Hobbes,38
1987-07-19,The Calvin and Hobbes Lazy Sunday Book,24
1987-07-19,Yukon Ho!,30
1987-07-19,The Authoritative Calvin and Hobbes,39
1987-07-20,Yukon Ho!,31
1987-07-20,The Authoritative Calvin and Hobbes,40
1987-07-21,Yukon Ho!,31
1987-07-21,The Authoritative Calvin and Hobbes,40
1987-07-22,Yukon Ho!,32
1987-07-22,The Authoritative Calvin and Hobbes,40
1987-07-23,Yukon Ho!,32
1987-07-23,The Authoritative Calvin and Hobbes,41
1987-07-24,Yukon Ho!,32
1987-07-24,The Authoritative Calvin and Hobbes,41
1987-07-25,Yukon Ho!,34
1987-07-25,The Authoritative Calvin and Hobbes,41
1987-07-26,The Calvin and Hobbes Lazy Sunday Book,25
1987-07-26,Yukon Ho!,33
1987-07-26,The Authoritative Calvin and Hobbes,42
1987-07-27,Yukon Ho!,34
1987-07-27,The Authoritative Calvin and Hobbes,43
1987-07-28,Yukon Ho!,34
1987-07-28,The Authoritative Calvin and Hobbes,43
1987-07-29,Yukon Ho!,35
1987-07-29,The Authoritative Calvin and Hobbes,43
1987-07-30,Yukon Ho!,35
1987-07-30,The Authoritative Calvin and Hobbes,44
1987-07-31,Yukon Ho!,35
1987-07-31,The Authoritative Calvin and Hobbes,44
1987-08-01,Yukon Ho!,37
1987-08-01,The Authoritative Calvin and Hobbes,44
1987-08-02,The Calvin and Hobbes Lazy Sunday Book,26
1987-08-02,Yukon Ho!,36
1987-08-02,The Authoritative Calvin and Hobbes,45
1987-08-02,The Calvin and Hobbes Tenth Anniversary Book,60
1987-08-03,Yukon Ho!,37
1987-08-03,The Authoritative Calvin and Hobbes,46
1987-08-04,Yukon Ho!,37
1987-08-04,The Authoritative Calvin and Hobbes,46
1987-08-05,Yukon Ho!,38
1987-08-05,The Authoritative Calvin and Hobbes,46
1987-08-06,Yukon Ho!,38
1987-08-06,The Authoritative Calvin and Hobbes,63
1987-08-07,Yukon Ho!,38
1987-08-07,The Authoritative Calvin and Hobbes,63
1987-08-08,Yukon Ho!,31
1987-08-08,The Authoritative Calvin and Hobbes,63
1987-08-09,The Calvin and Hobbes Lazy Sunday Book,27
1987-08-09,Yukon Ho!,40
1987-08-09,The Authoritative Calvin and Hobbes,48
1987-08-10,Yukon Ho!,41
1987-08-10,The Authoritative Calvin and Hobbes,49
1987-08-10,The Calvin and Hobbes Tenth Anniversary Book,61
1987-08-11,Yukon Ho!,41
1987-08-11,The Authoritative Calvin and Hobbes,49
1987-08-11,The Calvin and Hobbes Tenth Anniversary Book,61
1987-08-12,Yukon Ho!,41
1987-08-12,The Authoritative Calvin and Hobbes,49
1987-08-12,The Calvin and Hobbes Tenth Anniversary Book,62
1987-08-13,Yukon Ho!,42
1987-08-13,The Authoritative Calvin and Hobbes,50
1987-08-13,The Calvin and Hobbes Tenth Anniversary Book,62
1987-08-14,Yukon Ho!,42
1987-08-14,The Authoritative Calvin and Hobbes,50
1987-08-14,The Calvin and Hobbes Tenth Anniversary Book,63
1987-08-15,Yukon Ho!,42
1987-08-15,The Authoritative Calvin and Hobbes,50
1987-08-15,The Calvin and Hobbes Tenth Anniversary Book,63
1987-08-16,The Calvin and Hobbes Lazy Sunday Book,28
1987-08-16,Yukon Ho!,43
1987-08-16,The Authoritative Calvin and Hobbes,51
1987-08-16,The Calvin and Hobbes Tenth Anniversary Book,64
1987-08-17,Yukon Ho!,44
1987-08-17,The Authoritative Calvin and Hobbes,52
1987-08-17,The Calvin and Hobbes Tenth Anniversary Book,65
1987-08-18,Yukon Ho!,44
1987-08-18,The Authoritative Calvin and Hobbes,52
1987-08-18,The Calvin and Hobbes Tenth Anniversary Book,65
1987-08-19,Yukon Ho!,44
1987-08-19,The Authoritative Calvin and Hobbes,52
1987-08-19,The Calvin and Hobbes Tenth Anniversary Book,66
1987-08-20,Yukon Ho!,45
1987-08-20,The Authoritative Calvin and Hobbes,53
1987-08-20,The Calvin and Hobbes Tenth Anniversary Book,66
1987-08-21,Yukon Ho!,39
1987-08-21,The Authoritative Calvin and Hobbes,53
1987-08-22,Yukon Ho!,39
1987-08-22,The Authoritative Calvin and Hobbes,53
1987-08-23,The Calvin and Hobbes Lazy Sunday Book,29
1987-08-23,Yukon Ho!,46
1987-08-23,The Authoritative Calvin and Hobbes,54
1987-08-24,Yukon Ho!,45
1987-08-24,The Authoritative Calvin and Hobbes,55
1987-08-25,Yukon Ho!,53
1987-08-25,The Authoritative Calvin and Hobbes,55
1987-08-26,Yukon Ho!,45
1987-08-26,The Authoritative Calvin and Hobbes,55
1987-08-27,Yukon Ho!,47
1987-08-27,The Authoritative Calvin and Hobbes,56
1987-08-28,Yukon Ho!,47
1987-08-28,The Authoritative Calvin and Hobbes,56
1987-08-29,Yukon Ho!,47
1987-08-29,The Authoritative Calvin and Hobbes,56
1987-08-30,The Calvin and Hobbes Lazy Sunday Book,30
1987-08-30,Yukon Ho!,54
1987-08-30,The Authoritative Calvin and Hobbes,57
1987-08-31,Yukon Ho!,49
1987-08-31,The Authoritative Calvin and Hobbes,58
1987-09-01,Yukon Ho!,49
1987-09-01,The Authoritative Calvin and Hobbes,58
1987-09-02,Yukon Ho!,49
1987-09-02,The Authoritative Calvin and Hobbes,58
1987-09-03,Yukon Ho!,50
1987-09-03,The Authoritative Calvin and Hobbes,59
1987-09-04,Yukon Ho!,50
1987-09-04,The Authoritative Calvin and Hobbes,59
1987-09-05,Yukon Ho!,50
1987-09-05,The Authoritative Calvin and Hobbes,59
1987-09-06,The Calvin and Hobbes Lazy Sunday Book,31
1987-09-06,Yukon Ho!,48
1987-09-06,The Authoritative Calvin and Hobbes,62
1987-09-07,Yukon Ho!,51
1987-09-07,The Authoritative Calvin and Hobbes,60
1987-09-08,Yukon Ho!,51
1987-09-08,The Authoritative Calvin and Hobbes,60
1987-09-09,Yukon Ho!,51
1987-09-09,The Authoritative Calvin and Hobbes,60
1987-09-10,Yukon Ho!,52
1987-09-10,The Authoritative Calvin and Hobbes,61
1987-09-11,Yukon Ho!,52
1987-09-11,The Authoritative Calvin and Hobbes,61
1987-09-12,Yukon Ho!,53
1987-09-12,The Authoritative Calvin and Hobbes,61
1987-09-13,The Calvin and Hobbes Lazy Sunday Book,32
1987-09-13,The Authoritative Calvin and Hobbes,47
1987-09-13,Yukon Ho!,62
1987-09-14,Yukon Ho!,55
1987-09-14,The Authoritative Calvin and Hobbes,64
1987-09-15,Yukon Ho!,55
1987-09-15,The Authoritative Calvin and Hobbes,64
1987-09-16,Yukon Ho!,55
1987-09-16,The Authoritative Calvin and Hobbes,64
1987-09-17,Yukon Ho!,56
1987-09-17,The Authoritative Calvin and Hobbes,65
1987-09-18,Yukon Ho!,56
1987-09-18,The Authoritative Calvin and Hobbes,65
1987-09-19,Yukon Ho!,56
1987-09-19,The Authoritative Calvin and Hobbes,65
1987-09-20,Yukon Ho!,57
1987-09-20,The Authoritative Calvin and Hobbes,66
1987-09-21,Yukon Ho!,58
1987-09-21,The Authoritative Calvin and Hobbes,67
1987-09-22,Yukon Ho!,58
1987-09-22,The Authoritative Calvin and Hobbes,67
1987-09-23,Yukon Ho!,58
1987-09-23,The Authoritative Calvin and Hobbes,67
1987-09-24,Yukon Ho!,59
1987-09-24,The Authoritative Calvin and Hobbes,68
1987-09-25,Yukon Ho!,59
1987-09-25,The Authoritative Calvin and Hobbes,68
1987-09-26,Yukon Ho!,59
1987-09-26,The Authoritative Calvin and Hobbes,68
1987-09-27,Calvin and Hobbes: Sunday Pages 1985-1995,36
1987-09-27,Calvin and Hobbes: Sunday Pages 1985-1995,37
1987-09-27,Yukon Ho!,60
1987-09-27,The Authoritative Calvin and Hobbes,69
1987-09-28,Yukon Ho!,61
1987-09-28,The Authoritative Calvin and Hobbes,70
1987-09-29,Yukon Ho!,61
1987-09-29,The Authoritative Calvin and Hobbes,70
1987-09-30,Yukon Ho!,61
1987-09-30,The Authoritative Calvin and Hobbes,70
1987-10-01,Yukon Ho!,68
1987-10-01,The Authoritative Calvin and Hobbes,71
1987-10-02,Yukon Ho!,63
1987-10-02,The Authoritative Calvin and Hobbes,76
1987-10-03,Yukon Ho!,63
1987-10-03,The Authoritative Calvin and Hobbes,71
1987-10-04,The Calvin and Hobbes Lazy Sunday Book,33
1987-10-04,Yukon Ho!,64
1987-10-04,The Authoritative Calvin and Hobbes,72
1987-10-05,Yukon Ho!,65
1987-10-05,The Authoritative Calvin and Hobbes,73
1987-10-06,Yukon Ho!,65
1987-10-06,The Authoritative Calvin and Hobbes,73
1987-10-07,Yukon Ho!,65
1987-10-07,The Authoritative Calvin and Hobbes,73
1987-10-08,Yukon Ho!,66
1987-10-08,The Authoritative Calvin and Hobbes,74
1987-10-09,Yukon Ho!,66
1987-10-09,The Authoritative Calvin and Hobbes,74
1987-10-10,Yukon Ho!,66
1987-10-10,The Authoritative Calvin and Hobbes,74
1987-10-11,The Calvin and Hobbes Lazy Sunday Book,34
1987-10-11,Yukon Ho!,67
1987-10-11,The Authoritative Calvin and Hobbes,75
1987-10-12,Yukon Ho!,68
1987-10-12,The Authoritative Calvin and Hobbes,71
1987-10-13,Yukon Ho!,68
1987-10-13,The Authoritative Calvin and Hobbes,76
1987-10-14,Yukon Ho!,63
1987-10-14,The Authoritative Calvin and Hobbes,76
1987-10-15,Yukon Ho!,69
1987-10-15,The Authoritative Calvin and Hobbes,77
1987-10-16,Yukon Ho!,69
1987-10-16,The Authoritative Calvin and Hobbes,77
1987-10-17,Yukon Ho!,74
1987-10-17,The Authoritative Calvin and Hobbes,77
1987-10-18,The Calvin and Hobbes Lazy Sunday Book,35
1987-10-18,Yukon Ho!,70
1987-10-18,The Authoritative Calvin and Hobbes,78
1987-10-19,Yukon Ho!,71
1987-10-19,The Authoritative Calvin and Hobbes,79
1987-10-20,Yukon Ho!,71
1987-10-20,The Authoritative Calvin and Hobbes,79
1987-10-21,Yukon Ho!,71
1987-10-21,The Authoritative Calvin and Hobbes,79
1987-10-22,Yukon Ho!,72
1987-10-22,The Authoritative Calvin and Hobbes,80
1987-10-23,Yukon Ho!,72
1987-10-23,The Authoritative Calvin and Hobbes,80
1987-10-24,Yukon Ho!,72
1987-10-24,The Authoritative Calvin and Hobbes,80
1987-10-25,The Calvin and Hobbes Lazy Sunday Book,36
1987-10-25,Yukon Ho!,73
1987-10-25,The Authoritative Calvin and Hobbes,81
1987-10-26,Yukon Ho!,74
1987-10-26,The Authoritative Calvin and Hobbes,82
1987-10-27,Yukon Ho!,78
1987-10-27,The Authoritative Calvin and Hobbes,82
1987-10-28,Yukon Ho!,78
1987-10-28,The Authoritative Calvin and Hobbes,82
1987-10-29,Yukon Ho!,53
1987-10-29,The Authoritative Calvin and Hobbes,83
1987-10-30,Yukon Ho!,75
1987-10-30,The Authoritative Calvin and Hobbes,83
1987-10-31,Yukon Ho!,75
1987-10-31,The Authoritative Calvin and Hobbes,83
1987-11-01,The Calvin and Hobbes Lazy Sunday Book,37
1987-11-01,Yukon Ho!,76
1987-11-01,The Authoritative Calvin and Hobbes,84
1987-11-02,Yukon Ho!,75
1987-11-02,The Authoritative Calvin and Hobbes,85
1987-11-03,Yukon Ho!,84
1987-11-03,The Authoritative Calvin and Hobbes,85
1987-11-04,Yukon Ho!,84
1987-11-04,The Authoritative Calvin and Hobbes,85
1987-11-05,Yukon Ho!,77
1987-11-05,The Authoritative Calvin and Hobbes,86
1987-11-06,Yukon Ho!,77
1987-11-06,The Authoritative Calvin and Hobbes,86
1987-11-07,Yukon Ho!,77
1987-11-07,The Authoritative Calvin and Hobbes,86
1987-11-08,The Calvin and Hobbes Lazy Sunday Book,38
1987-11-08,Yukon Ho!,80
1987-11-08,The Authoritative Calvin and Hobbes,87
1987-11-09,The Calvin and Hobbes Tenth Anniversary Book,52
1987-11-09,Yukon Ho!,79
1987-11-09,The Authoritative Calvin and Hobbes,88
1987-11-10,The Calvin and Hobbes Tenth Anniversary Book,52
1987-11-10,Yukon Ho!,79
1987-11-10,The Authoritative Calvin and Hobbes,88
1987-11-11,The Calvin and Hobbes Tenth Anniversary Book,6
1987-11-11,Yukon Ho!,79
1987-11-11,The Authoritative Calvin and Hobbes,88
1987-11-12,Yukon Ho!,81
1987-11-12,The Authoritative Calvin and Hobbes,89
1987-11-13,Yukon Ho!,81
1987-11-13,The Authoritative Calvin and Hobbes,89
1987-11-14,Yukon Ho!,81
1987-11-14,The Authoritative Calvin and Hobbes,89
1987-11-15,The Calvin and Hobbes Lazy Sunday Book,39
1987-11-15,Yukon Ho!,82
1987-11-15,The Authoritative Calvin and Hobbes,90
1987-11-16,Yukon Ho!,83
1987-11-16,The Authoritative Calvin and Hobbes,91
1987-11-17,Yukon Ho!,83
1987-11-17,The Authoritative Calvin and Hobbes,91
1987-11-18,Yukon Ho!,83
1987-11-18,The Authoritative Calvin and Hobbes,91
1987-11-19,Yukon Ho!,85
1987-11-19,The Authoritative Calvin and Hobbes,92
1987-11-20,Yukon Ho!,85
1987-11-20,The Authoritative Calvin and Hobbes,92
1987-11-21,Yukon Ho!,85
1987-11-21,The Authoritative Calvin and Hobbes,92
1987-11-22,The Calvin and Hobbes Lazy Sunday Book,40
1987-11-22,Yukon Ho!,86
1987-11-22,The Authoritative Calvin and Hobbes,93
1987-11-23,Yukon Ho!,87
1987-11-23,The Authoritative Calvin and Hobbes,94
1987-11-24,Yukon Ho!,87
1987-11-24,The Authoritative Calvin and Hobbes,94
1987-11-25,Yukon Ho!,87
1987-11-25,The Authoritative Calvin and Hobbes,94
1987-11-26,Yukon Ho!,88
1987-11-26,The Authoritative Calvin and Hobbes,95
1987-11-27,Yukon Ho!,88
1987-11-27,The Authoritative Calvin and Hobbes,95
1987-11-28,Yukon Ho!,88
1987-11-28,The Authoritative Calvin and Hobbes,95
1987-11-29,The Calvin and Hobbes Lazy Sunday Book,41
1987-11-29,Yukon Ho!,89
1987-11-29,The Authoritative Calvin and Hobbes,96
1987-11-30,Yukon Ho!,90
1987-11-30,The Authoritative Calvin and Hobbes,97
1987-12-01,Yukon Ho!,90
1987-12-01,The Authoritative Calvin and Hobbes,97
1987-12-02,Yukon Ho!,90
1987-12-02,The Authoritative Calvin and Hobbes,97
1987-12-03,Yukon Ho!,91
1987-12-03,The Authoritative Calvin and Hobbes,98
1987-12-04,Yukon Ho!,91
1987-12-04,The Authoritative Calvin and Hobbes,98
1987-12-05,Yukon Ho!,91
1987-12-05,The Authoritative Calvin and Hobbes,98
1987-12-06,The Calvin and Hobbes Lazy Sunday Book,42
1987-12-06,The Calvin and Hobbes Tenth Anniversary Book,75
1987-12-06,Yukon Ho!,92
1987-12-06,The Authoritative Calvin and Hobbes,99
1987-12-07,Yukon Ho!,93
1987-12-07,The Authoritative Calvin and Hobbes,100
1987-12-08,Yukon Ho!,93
1987-12-08,The Authoritative Calvin and Hobbes,100
1987-12-09,Yukon Ho!,94
1987-12-09,The Authoritative Calvin and Hobbes,100
1987-12-10,Yukon Ho!,94
1987-12-10,The Authoritative Calvin and Hobbes,101
1987-12-11,Yukon Ho!,94
1987-12-11,The Authoritative Calvin and Hobbes,101
1987-12-12,Yukon Ho!,96
1987-12-12,The Authoritative Calvin and Hobbes,101
1987-12-13,The Calvin and Hobbes Lazy Sunday Book,43
1987-12-13,Yukon Ho!,95
1987-12-13,The Authoritative Calvin and Hobbes,102
1987-12-14,Yukon Ho!,96
1987-12-14,The Authoritative Calvin and Hobbes,103
1987-12-15,Yukon Ho!,96
1987-12-15,The Authoritative Calvin and Hobbes,103
1987-12-16,Yukon Ho!,98
1987-12-16,The Authoritative Calvin and Hobbes,105
1987-12-17,Yukon Ho!,98
1987-12-17,The Authoritative Calvin and Hobbes,105
1987-12-18,Yukon Ho!,98
1987-12-18,The Authoritative Calvin and Hobbes,105
1987-12-19,Yukon Ho!,99
1987-12-19,The Authoritative Calvin and Hobbes,106
1987-12-20,The Calvin and Hobbes Lazy Sunday Book,44
1987-12-20,The Calvin and Hobbes Tenth Anniversary Book,67
1987-12-20,Yukon Ho!,97
1987-12-20,The Authoritative Calvin and Hobbes,104
1987-12-21,Yukon Ho!,99
1987-12-21,The Authoritative Calvin and Hobbes,106
1987-12-22,Yukon Ho!,99
1987-12-22,The Authoritative Calvin and Hobbes,106
1987-12-23,Yukon Ho!,100
1987-12-23,The Authoritative Calvin and Hobbes,107
1987-12-24,Yukon Ho!,100
1987-12-24,The Authoritative Calvin and Hobbes,107
1987-12-25,Yukon Ho!,100
1987-12-25,The Authoritative Calvin and Hobbes,107
1987-12-26,Yukon Ho!,93
1987-12-26,The Authoritative Calvin and Hobbes,103
1987-12-27,The Calvin and Hobbes Lazy Sunday Book,45
1987-12-27,Yukon Ho!,101
1987-12-27,The Authoritative Calvin and Hobbes,108
1987-12-28,Yukon Ho!,102
1987-12-28,The Authoritative Calvin and Hobbes,109
1987-12-29,Yukon Ho!,102
1987-12-29,The Authoritative Calvin and Hobbes,109
1987-12-30,Yukon Ho!,103
1987-12-30,The Authoritative Calvin and Hobbes,109
1987-12-31,Yukon Ho!,103
1987-12-31,The Authoritative Calvin and Hobbes,110
1988-01-01,Yukon Ho!,103
1988-01-01,The Authoritative Calvin and Hobbes,110
1988-01-02,Yukon Ho!,104
1988-01-02,The Authoritative Calvin and Hobbes,110
1988-01-03,The Calvin and Hobbes Lazy Sunday Book,46
1988-01-03,Yukon Ho!,105
1988-01-03,The Authoritative Calvin and Hobbes,111
1988-01-04,Yukon Ho!,104
1988-01-04,The Authoritative Calvin and Hobbes,112
1988-01-05,Yukon Ho!,106
1988-01-05,The Authoritative Calvin and Hobbes,112
1988-01-06,Yukon Ho!,106
1988-01-06,The Authoritative Calvin and Hobbes,112
1988-01-07,Yukon Ho!,107
1988-01-07,The Authoritative Calvin and Hobbes,113
1988-01-08,Yukon Ho!,107
1988-01-08,The Authoritative Calvin and Hobbes,113
1988-01-09,Yukon Ho!,107
1988-01-09,The Authoritative Calvin and Hobbes,113
1988-01-10,The Calvin and Hobbes Lazy Sunday Book,47
1988-01-10,Yukon Ho!,108
1988-01-10,The Authoritative Calvin and Hobbes,114
1988-01-11,Yukon Ho!,109
1988-01-11,The Authoritative Calvin and Hobbes,115
1988-01-12,Yukon Ho!,109
1988-01-12,The Authoritative Calvin and Hobbes,115
1988-01-13,The Calvin and Hobbes Tenth Anniversary Book,76
1988-01-13,Yukon Ho!,109
1988-01-13,The Authoritative Calvin and Hobbes,115
1988-01-14,Yukon Ho!,110
1988-01-14,The Authoritative Calvin and Hobbes,116
1988-01-15,Yukon Ho!,110
1988-01-15,The Authoritative Calvin and Hobbes,116
1988-01-16,Yukon Ho!,110
1988-01-16,The Authoritative Calvin and Hobbes,116
1988-01-17,The Calvin and Hobbes Lazy Sunday Book,48
1988-01-17,Yukon Ho!,113
1988-01-17,The Authoritative Calvin and Hobbes,119
1988-01-18,Yukon Ho!,111
1988-01-18,The Authoritative Calvin and Hobbes,117
1988-01-19,The Calvin and Hobbes Tenth Anniversary Book,76
1988-01-19,Yukon Ho!,111
1988-01-19,The Authoritative Calvin and Hobbes,117
1988-01-20,Yukon Ho!,111
1988-01-20,The Authoritative Calvin and Hobbes,117
1988-01-21,Yukon Ho!,112
1988-01-21,The Authoritative Calvin and Hobbes,118
1988-01-22,Yukon Ho!,112
1988-01-22,The Authoritative Calvin and Hobbes,118
1988-01-23,Yukon Ho!,104
1988-01-23,The Authoritative Calvin and Hobbes,118
1988-01-24,The Calvin and Hobbes Lazy Sunday Book,49
1988-01-24,Yukon Ho!,114
1988-01-24,The Authoritative Calvin and Hobbes,120
1988-01-25,The Calvin and Hobbes Tenth Anniversary Book,70
1988-01-25,Yukon Ho!,115
1988-01-25,The Authoritative Calvin and Hobbes,121
1988-01-26,The Calvin and Hobbes Tenth Anniversary Book,70
1988-01-26,Yukon Ho!,115
1988-01-26,The Authoritative Calvin and Hobbes,121
1988-01-27,The Calvin and Hobbes Tenth Anniversary Book,71
1988-01-27,Yukon Ho!,115
1988-01-27,The Authoritative Calvin and Hobbes,121
1988-01-28,The Calvin and Hobbes Tenth Anniversary Book,71
1988-01-28,Yukon Ho!,116
1988-01-28,The Authoritative Calvin and Hobbes,122
1988-01-29,The Calvin and Hobbes Tenth Anniversary Book,72
1988-01-29,Yukon Ho!,116
1988-01-29,The Authoritative Calvin and Hobbes,122
1988-01-30,The Calvin and Hobbes Tenth Anniversary Book,72
1988-01-30,Yukon Ho!,116
1988-01-30,The Authoritative Calvin and Hobbes,122
1988-01-31,The Calvin and Hobbes Lazy Sunday Book,50
1988-01-31,Yukon Ho!,119
1988-01-31,The Authoritative Calvin and Hobbes,125
1988-02-01,The Calvin and Hobbes Tenth Anniversary Book,73
1988-02-01,Yukon Ho!,117
1988-02-01,The Authoritative Calvin and Hobbes,123
1988-02-02,The Calvin and Hobbes Tenth Anniversary Book,73
1988-02-02,Yukon Ho!,117
1988-02-02,The Authoritative Calvin and Hobbes,123
1988-02-03,The Calvin and Hobbes Tenth Anniversary Book,74
1988-02-03,Yukon Ho!,117
1988-02-03,The Authoritative Calvin and Hobbes,123
1988-02-04,The Calvin and Hobbes Tenth Anniversary Book,74
1988-02-04,Yukon Ho!,118
1988-02-04,The Authoritative Calvin and Hobbes,124
1988-02-05,The Calvin and Hobbes Tenth Anniversary Book,78
1988-02-05,Yukon Ho!,118
1988-02-05,The Authoritative Calvin and Hobbes,124
1988-02-06,Yukon Ho!,118
1988-02-06,The Authoritative Calvin and Hobbes,124
1988-02-07,The Calvin and Hobbes Lazy Sunday Book,51
1988-02-07,Yukon Ho!,120
1988-02-07,The Authoritative Calvin and Hobbes,126
1988-02-08,Yukon Ho!,121
1988-02-08,The Authoritative Calvin and Hobbes,127
1988-02-09,Yukon Ho!,121
1988-02-09,The Authoritative Calvin and Hobbes,127
1988-02-10,Yukon Ho!,121
1988-02-10,The Authoritative Calvin and Hobbes,127
1988-02-11,Yukon Ho!,122
1988-02-11,The Authoritative Calvin and Hobbes,128
1988-02-12,Yukon Ho!,122
1988-02-12,The Authoritative Calvin and Hobbes,128
1988-02-13,Yukon Ho!,122
1988-02-13,The Authoritative Calvin and Hobbes,128
1988-02-14,Yukon Ho!,123
1988-02-14,The Authoritative Calvin and Hobbes,129
1988-02-15,Yukon Ho!,124
1988-02-15,The Authoritative Calvin and Hobbes,130
1988-02-16,Yukon Ho!,124
1988-02-16,The Authoritative Calvin and Hobbes,130
1988-02-17,Yukon Ho!,124
1988-02-17,The Authoritative Calvin and Hobbes,130
1988-02-18,Yukon Ho!,125
1988-02-18,The Authoritative Calvin and Hobbes,131
1988-02-19,Yukon Ho!,125
1988-02-19,The Authoritative Calvin and Hobbes,131
1988-02-20,Yukon Ho!,125
1988-02-20,The Authoritative Calvin and Hobbes,131
1988-02-21,The Calvin and Hobbes Lazy Sunday Book,52
1988-02-21,Yukon Ho!,126
1988-02-21,The Authoritative Calvin and Hobbes,132
1988-02-22,Weirdos From Another Planet,5
1988-02-22,The Authoritative Calvin and Hobbes,133
1988-02-23,Weirdos From Another Planet,5
1988-02-23,The Authoritative Calvin and Hobbes,133
1988-02-24,Weirdos From Another Planet,5
1988-02-24,The Authoritative Calvin and Hobbes,133
1988-02-25,Weirdos From Another Planet,6
1988-02-25,The Authoritative Calvin and Hobbes,134
1988-02-26,Weirdos From Another Planet,6
1988-02-26,The Authoritative Calvin and Hobbes,134
1988-02-27,Weirdos From Another Planet,6
1988-02-27,The Authoritative Calvin and Hobbes,134
1988-02-28,Weirdos From Another Planet,8
1988-02-28,The Calvin and Hobbes Lazy Sunday Book,53
1988-02-28,The Authoritative Calvin and Hobbes,136
1988-02-29,Weirdos From Another Planet,7
1988-02-29,The Authoritative Calvin and Hobbes,135
1988-03-01,Weirdos From Another Planet,7
1988-03-01,The Authoritative Calvin and Hobbes,135
1988-03-02,Weirdos From Another Planet,7
1988-03-02,The Calvin and Hobbes Tenth Anniversary Book,27
1988-03-02,The Authoritative Calvin and Hobbes,135
1988-03-03,Weirdos From Another Planet,9
1988-03-03,The Calvin and Hobbes Tenth Anniversary Book,78
1988-03-03,The Authoritative Calvin and Hobbes,137
1988-03-04,Weirdos From Another Planet,9
1988-03-04,The Authoritative Calvin and Hobbes,137
1988-03-05,Weirdos From Another Planet,9
1988-03-05,The Authoritative Calvin and Hobbes,137
1988-03-06,Weirdos From Another Planet,10
1988-03-06,The Calvin and Hobbes Lazy Sunday Book,54
1988-03-06,The Authoritative Calvin and Hobbes,138
1988-03-07,Weirdos From Another Planet,12
1988-03-07,The Authoritative Calvin and Hobbes,139
1988-03-08,Weirdos From Another Planet,12
1988-03-08,The Authoritative Calvin and Hobbes,139
1988-03-09,Weirdos From Another Planet,12
1988-03-09,The Authoritative Calvin and Hobbes,139
1988-03-10,Weirdos From Another Planet,13
1988-03-10,The Authoritative Calvin and Hobbes,140
1988-03-11,Weirdos From Another Planet,13
1988-03-11,The Authoritative Calvin and Hobbes,140
1988-03-12,Weirdos From Another Planet,13
1988-03-12,The Authoritative Calvin and Hobbes,140
1988-03-13,Weirdos From Another Planet,18
1988-03-13,The Calvin and Hobbes Lazy Sunday Book,55
1988-03-13,The Authoritative Calvin and Hobbes,145
1988-03-14,Weirdos From Another Planet,14
1988-03-14,The Authoritative Calvin and Hobbes,141
1988-03-15,Weirdos From Another Planet,14
1988-03-15,The Authoritative Calvin and Hobbes,141
1988-03-16,Weirdos From Another Planet,14
1988-03-16,The Authoritative Calvin and Hobbes,141
1988-03-17,Weirdos From Another Planet,15
1988-03-17,The Authoritative Calvin and Hobbes,142
1988-03-18,Weirdos From Another Planet,15
1988-03-18,The Authoritative Calvin and Hobbes,142
1988-03-19,Weirdos From Another Planet,15
1988-03-19,The Authoritative Calvin and Hobbes,142
1988-03-20,Weirdos From Another Planet,20
1988-03-20,The Calvin and Hobbes Lazy Sunday Book,56
1988-03-20,The Authoritative Calvin and Hobbes,146
1988-03-21,Weirdos From Another Planet,16
1988-03-21,The Authoritative Calvin and Hobbes,143
1988-03-22,Weirdos From Another Planet,16
1988-03-22,The Authoritative Calvin and Hobbes,143
1988-03-23,Weirdos From Another Planet,16
1988-03-23,The Authoritative Calvin and Hobbes,143
1988-03-24,Weirdos From Another Planet,17
1988-03-24,The Authoritative Calvin and Hobbes,144
1988-03-25,Weirdos From Another Planet,17
1988-03-25,The Authoritative Calvin and Hobbes,144
1988-03-26,Weirdos From Another Planet,17
1988-03-26,The Authoritative Calvin and Hobbes,144
1988-03-27,Weirdos From Another Planet,22
1988-03-27,The Calvin and Hobbes Lazy Sunday Book,57
1988-03-27,The Authoritative Calvin and Hobbes,148
1988-03-28,Weirdos From Another Planet,19
1988-03-28,The Authoritative Calvin and Hobbes,147
1988-03-29,Weirdos From Another Planet,19
1988-03-29,The Authoritative Calvin and Hobbes,147
1988-03-30,Weirdos From Another Planet,19
1988-03-30,The Authoritative Calvin and Hobbes,147
1988-03-31,Weirdos From Another Planet,21
1988-03-31,The Authoritative Calvin and Hobbes,149
1988-04-01,Weirdos From Another Planet,21
1988-04-01,The Authoritative Calvin and Hobbes,149
1988-04-02,Weirdos From Another Planet,21
1988-04-02,The Authoritative Calvin and Hobbes,149
1988-04-03,Weirdos From Another Planet,24
1988-04-03,The Calvin and Hobbes Lazy Sunday Book,58
1988-04-03,The Authoritative Calvin and Hobbes,150
1988-04-04,Weirdos From Another Planet,23
1988-04-04,The Authoritative Calvin and Hobbes,151
1988-04-05,Weirdos From Another Planet,23
1988-04-05,The Authoritative Calvin and Hobbes,151
1988-04-06,Weirdos From Another Planet,23
1988-04-06,The Authoritative Calvin and Hobbes,151
1988-04-07,Weirdos From Another Planet,25
1988-04-07,The Authoritative Calvin and Hobbes,152
1988-04-08,Weirdos From Another Planet,25
1988-04-08,The Authoritative Calvin and Hobbes,152
1988-04-09,Weirdos From Another Planet,25
1988-04-09,The Authoritative Calvin and Hobbes,152
1988-04-10,Weirdos From Another Planet,26
1988-04-10,The Calvin and Hobbes Lazy Sunday Book,59
1988-04-10,The Authoritative Calvin and Hobbes,153
1988-04-11,Weirdos From Another Planet,28
1988-04-11,The Authoritative Calvin and Hobbes,154
1988-04-12,Weirdos From Another Planet,28
1988-04-12,The Authoritative Calvin and Hobbes,154
1988-04-13,Weirdos From Another Planet,28
1988-04-13,The Authoritative Calvin and Hobbes,154
1988-04-14,Weirdos From Another Planet,29
1988-04-14,The Authoritative Calvin and Hobbes,155
1988-04-15,Weirdos From Another Planet,29
1988-04-15,The Authoritative Calvin and Hobbes,155
1988-04-16,Weirdos From Another Planet,27
1988-04-16,The Authoritative Calvin and Hobbes,155
1988-04-17,Weirdos From Another Planet,30
1988-04-17,The Calvin and Hobbes Lazy Sunday Book,60
1988-04-17,The Authoritative Calvin and Hobbes,156
1988-04-18,Weirdos From Another Planet,31
1988-04-18,The Authoritative Calvin and Hobbes,157
1988-04-19,Weirdos From Another Planet,31
1988-04-19,The Authoritative Calvin and Hobbes,157
1988-04-20,Weirdos From Another Planet,31
1988-04-20,The Authoritative Calvin and Hobbes,157
1988-04-21,Weirdos From Another Planet,32
1988-04-21,The Authoritative Calvin and Hobbes,158
1988-04-22,Weirdos From Another Planet,32
1988-04-22,The Authoritative Calvin and Hobbes,158
1988-04-23,Weirdos From Another Planet,32
1988-04-23,The Authoritative Calvin and Hobbes,158
1988-04-24,Weirdos From Another Planet,33
1988-04-24,The Calvin and Hobbes Lazy Sunday Book,61
1988-04-24,The Calvin and Hobbes Tenth Anniversary Book,77
1988-04-24,The Authoritative Calvin and Hobbes,159
1988-04-25,Weirdos From Another Planet,34
1988-04-25,The Authoritative Calvin and Hobbes,160
1988-04-26,Weirdos From Another Planet,34
1988-04-26,The Authoritative Calvin and Hobbes,160
1988-04-27,Weirdos From Another Planet,34
1988-04-27,The Authoritative Calvin and Hobbes,160
1988-04-28,Weirdos From Another Planet,35
1988-04-28,The Authoritative Calvin and Hobbes,161
1988-04-29,Weirdos From Another Planet,35
1988-04-29,The Authoritative Calvin and Hobbes,161
1988-04-30,Weirdos From Another Planet,35
1988-04-30,The Authoritative Calvin and Hobbes,161
1988-05-01,Weirdos From Another Planet,36
1988-05-01,The Calvin and Hobbes Lazy Sunday Book,62
1988-05-01,The Authoritative Calvin and Hobbes,162
1988-05-02,Weirdos From Another Planet,37
1988-05-02,The Authoritative Calvin and Hobbes,163
1988-05-03,Weirdos From Another Planet,37
1988-05-03,The Authoritative Calvin and Hobbes,163
1988-05-04,Weirdos From Another Planet,37
1988-05-04,The Authoritative Calvin and Hobbes,163
1988-05-05,Weirdos From Another Planet,38
1988-05-05,The Authoritative Calvin and Hobbes,164
1988-05-06,Weirdos From Another Planet,38
1988-05-06,The Authoritative Calvin and Hobbes,164
1988-05-07,Weirdos From Another Planet,38
1988-05-07,The Authoritative Calvin and Hobbes,164
1988-05-08,Weirdos From Another Planet,41
1988-05-08,The Calvin and Hobbes Lazy Sunday Book,63
1988-05-08,The Authoritative Calvin and Hobbes,167
1988-05-09,Weirdos From Another Planet,39
1988-05-09,The Authoritative Calvin and Hobbes,165
1988-05-10,Weirdos From Another Planet,39
1988-05-10,The Authoritative Calvin and Hobbes,165
1988-05-11,Weirdos From Another Planet,39
1988-05-11,The Authoritative Calvin and Hobbes,165
1988-05-12,Weirdos From Another Planet,40
1988-05-12,The Authoritative Calvin and Hobbes,166
1988-05-13,Weirdos From Another Planet,40
1988-05-13,The Authoritative Calvin and Hobbes,166
1988-05-14,Weirdos From Another Planet,40
1988-05-14,The Authoritative Calvin and Hobbes,166
1988-05-15,Weirdos From Another Planet,42
1988-05-15,The Calvin and Hobbes Lazy Sunday Book,64
1988-05-15,The Authoritative Calvin and Hobbes,168
1988-05-16,Weirdos From Another Planet,43
1988-05-16,The Calvin and Hobbes Tenth Anniversary Book,79
1988-05-16,The Authoritative Calvin and Hobbes,169
1988-05-17,Weirdos From Another Planet,43
1988-05-17,The Calvin and Hobbes Tenth Anniversary Book,79
1988-05-17,The Authoritative Calvin and Hobbes,169
1988-05-18,Weirdos From Another Planet,43
1988-05-18,The Calvin and Hobbes Tenth Anniversary Book,80
1988-05-18,The Authoritative Calvin and Hobbes,169
1988-05-19,Weirdos From Another Planet,44
1988-05-19,The Calvin and Hobbes Tenth Anniversary Book,80
1988-05-19,The Authoritative Calvin and Hobbes,170
1988-05-20,Weirdos From Another Planet,44
1988-05-20,The Calvin and Hobbes Tenth Anniversary Book,81
1988-05-20,The Authoritative Calvin and Hobbes,170
1988-05-21,Weirdos From Another Planet,44
1988-05-21,The Calvin and Hobbes Tenth Anniversary Book,81
1988-05-21,The Authoritative Calvin and Hobbes,170
1988-05-22,Weirdos From Another Planet,47
1988-05-22,The Calvin and Hobbes Lazy Sunday Book,65
1988-05-22,The Authoritative Calvin and Hobbes,173
1988-05-23,Weirdos From Another Planet,45
1988-05-23,The Calvin and Hobbes Tenth Anniversary Book,82
1988-05-23,The Authoritative Calvin and Hobbes,171
1988-05-24,Weirdos From Another Planet,45
1988-05-24,The Calvin and Hobbes Tenth Anniversary Book,82
1988-05-24,The Authoritative Calvin and Hobbes,171
1988-05-25,Weirdos From Another Planet,45
1988-05-25,The Calvin and Hobbes Tenth Anniversary Book,83
1988-05-25,The Authoritative Calvin and Hobbes,171
1988-05-26,Weirdos From Another Planet,46
1988-05-26,The Calvin and Hobbes Tenth Anniversary Book,83
1988-05-26,The Authoritative Calvin and Hobbes,172
1988-05-27,Weirdos From Another Planet,46
1988-05-27,The Authoritative Calvin and Hobbes,172
1988-05-28,Weirdos From Another Planet,46
1988-05-28,The Authoritative Calvin and Hobbes,172
1988-05-29,Weirdos From Another Planet,48
1988-05-29,The Calvin and Hobbes Lazy Sunday Book,66
1988-05-29,The Authoritative Calvin and Hobbes,174
1988-05-30,Weirdos From Another Planet,49
1988-05-30,The Authoritative Calvin and Hobbes,175
1988-05-31,Weirdos From Another Planet,49
1988-05-31,The Authoritative Calvin and Hobbes,175
1988-06-01,Weirdos From Another Planet,49
1988-06-01,The Authoritative Calvin and Hobbes,175
1988-06-02,Weirdos From Another Planet,50
1988-06-02,The Authoritative Calvin and Hobbes,176
1988-06-03,Weirdos From Another Planet,50
1988-06-03,The Authoritative Calvin and Hobbes,176
1988-06-04,Weirdos From Another Planet,50
1988-06-04,The Authoritative Calvin and Hobbes,176
1988-06-05,Weirdos From Another Planet,51
1988-06-05,The Calvin and Hobbes Lazy Sunday Book,67
1988-06-05,The Authoritative Calvin and Hobbes,177
1988-06-06,Weirdos From Another Planet,52
1988-06-06,The Authoritative Calvin and Hobbes,178
1988-06-07,Weirdos From Another Planet,52
1988-06-07,The Authoritative Calvin and Hobbes,178
1988-06-08,Weirdos From Another Planet,52
1988-06-08,The Authoritative Calvin and Hobbes,178
1988-06-09,Weirdos From Another Planet,53
1988-06-09,The Authoritative Calvin and Hobbes,179
1988-06-10,Weirdos From Another Planet,53
1988-06-10,The Authoritative Calvin and Hobbes,179
1988-06-11,Weirdos From Another Planet,27
1988-06-11,The Authoritative Calvin and Hobbes,179
1988-06-12,Weirdos From Another Planet,54
1988-06-12,The Calvin and Hobbes Lazy Sunday Book,68
1988-06-12,The Authoritative Calvin and Hobbes,180
1988-06-13,Weirdos From Another Planet,55
1988-06-13,The Authoritative Calvin and Hobbes,181
1988-06-14,Weirdos From Another Planet,55
1988-06-14,The Authoritative Calvin and Hobbes,181
1988-06-15,Weirdos From Another Planet,55
1988-06-15,The Authoritative Calvin and Hobbes,181
1988-06-16,Weirdos From Another Planet,56
1988-06-16,The Authoritative Calvin and Hobbes,182
1988-06-17,Weirdos From Another Planet,56
1988-06-17,The Authoritative Calvin and Hobbes,182
1988-06-18,Weirdos From Another Planet,56
1988-06-18,The Authoritative Calvin and Hobbes,182
1988-06-19,Weirdos From Another Planet,60
1988-06-19,The Calvin and Hobbes Lazy Sunday Book,69
1988-06-19,The Authoritative Calvin and Hobbes,186
1988-06-20,Weirdos From Another Planet,57
1988-06-20,The Authoritative Calvin and Hobbes,183
1988-06-21,Weirdos From Another Planet,57
1988-06-21,The Authoritative Calvin and Hobbes,183
1988-06-22,Weirdos From Another Planet,57
1988-06-22,The Authoritative Calvin and Hobbes,183
1988-06-23,Weirdos From Another Planet,58
1988-06-23,The Authoritative Calvin and Hobbes,184
1988-06-24,Weirdos From Another Planet,58
1988-06-24,The Authoritative Calvin and Hobbes,184
1988-06-25,Weirdos From Another Planet,58
1988-06-25,The Authoritative Calvin and Hobbes,184
1988-06-26,Weirdos From Another Planet,62
1988-06-26,The Calvin and Hobbes Lazy Sunday Book,70
1988-06-26,The Authoritative Calvin and Hobbes,188
1988-06-27,Weirdos From Another Planet,59
1988-06-27,The Authoritative Calvin and Hobbes,185
1988-06-28,Weirdos From Another Planet,59
1988-06-28,The Authoritative Calvin and Hobbes,185
1988-06-29,Weirdos From Another Planet,59
1988-06-29,The Authoritative Calvin and Hobbes,185
1988-06-30,Weirdos From Another Planet,61
1988-06-30,The Authoritative Calvin and Hobbes,187
1988-07-01,Weirdos From Another Planet,61
1988-07-01,The Authoritative Calvin and Hobbes,187
1988-07-02,Weirdos From Another Planet,61
1988-07-02,The Authoritative Calvin and Hobbes,187
1988-07-03,Weirdos From Another Planet,68
1988-07-03,The Calvin and Hobbes Lazy Sunday Book,71
1988-07-03,The Authoritative Calvin and Hobbes,193
1988-07-04,Weirdos From Another Planet,63
1988-07-04,The Authoritative Calvin and Hobbes,189
1988-07-05,Weirdos From Another Planet,63
1988-07-05,The Authoritative Calvin and Hobbes,189
1988-07-06,Weirdos From Another Planet,63
1988-07-06,The Authoritative Calvin and Hobbes,189
1988-07-07,Weirdos From Another Planet,64
1988-07-07,The Authoritative Calvin and Hobbes,190
1988-07-08,Weirdos From Another Planet,64
1988-07-08,The Authoritative Calvin and Hobbes,190
1988-07-09,Weirdos From Another Planet,64
1988-07-09,The Authoritative Calvin and Hobbes,190
1988-07-10,Weirdos From Another Planet,67
1988-07-10,The Calvin and Hobbes Lazy Sunday Book,72
1988-07-10,The Authoritative Calvin and Hobbes,194
1988-07-11,Weirdos From Another Planet,65
1988-07-11,The Authoritative Calvin and Hobbes,191
1988-07-12,Weirdos From Another Planet,65
1988-07-12,The Authoritative Calvin and Hobbes,191
1988-07-13,Weirdos From Another Planet,65
1988-07-13,The Authoritative Calvin and Hobbes,191
1988-07-14,Weirdos From Another Planet,66
1988-07-14,The Authoritative Calvin and Hobbes,192
1988-07-15,Weirdos From Another Planet,66
1988-07-15,The Authoritative Calvin and Hobbes,192
1988-07-16,Weirdos From Another Planet,27
1988-07-16,The Authoritative Calvin and Hobbes,192
1988-07-17,The Calvin and Hobbes Lazy Sunday Book,73
1988-07-17,Weirdos From Another Planet,73
1988-07-17,The Authoritative Calvin and Hobbes,199
1988-07-18,Weirdos From Another Planet,69
1988-07-18,The Authoritative Calvin and Hobbes,195
1988-07-19,Weirdos From Another Planet,69
1988-07-19,The Authoritative Calvin and Hobbes,195
1988-07-20,Weirdos From Another Planet,69
1988-07-20,The Authoritative Calvin and Hobbes,195
1988-07-21,Weirdos From Another Planet,70
1988-07-21,The Authoritative Calvin and Hobbes,196
1988-07-22,Weirdos From Another Planet,70
1988-07-22,The Authoritative Calvin and Hobbes,196
1988-07-23,Weirdos From Another Planet,70
1988-07-23,The Authoritative Calvin and Hobbes,196
1988-07-24,The Calvin and Hobbes Lazy Sunday Book,74
1988-07-24,Weirdos From Another Planet,74
1988-07-24,The Authoritative Calvin and Hobbes,200
1988-07-25,Weirdos From Another Planet,71
1988-07-25,The Authoritative Calvin and Hobbes,197
1988-07-26,Weirdos From Another Planet,71
1988-07-26,The Authoritative Calvin and Hobbes,197
1988-07-27,Weirdos From Another Planet,71
1988-07-27,The Authoritative Calvin and Hobbes,197
1988-07-28,Weirdos From Another Planet,72
1988-07-28,The Authoritative Calvin and Hobbes,198
1988-07-29,Weirdos From Another Planet,72
1988-07-29,The Authoritative Calvin and Hobbes,198
1988-07-30,Weirdos From Another Planet,72
1988-07-30,The Calvin and Hobbes Tenth Anniversary Book,103
1988-07-30,The Authoritative Calvin and Hobbes,198
1988-07-31,The Calvin and Hobbes Lazy Sunday Book,75
1988-07-31,Weirdos From Another Planet,76
1988-07-31,The Authoritative Calvin and Hobbes,202
1988-08-01,Weirdos From Another Planet,75
1988-08-01,The Authoritative Calvin and Hobbes,201
1988-08-02,Weirdos From Another Planet,75
1988-08-02,The Authoritative Calvin and Hobbes,201
1988-08-03,Weirdos From Another Planet,75
1988-08-03,The Authoritative Calvin and Hobbes,201
1988-08-04,Weirdos From Another Planet,77
1988-08-04,The Authoritative Calvin and Hobbes,203
1988-08-05,Weirdos From Another Planet,77
1988-08-05,The Authoritative Calvin and Hobbes,203
1988-08-06,Weirdos From Another Planet,77
1988-08-06,The Authoritative Calvin and Hobbes,203
1988-08-07,The Calvin and Hobbes Lazy Sunday Book,76
1988-08-07,Weirdos From Another Planet,78
1988-08-07,The Authoritative Calvin and Hobbes,204
1988-08-08,Weirdos From Another Planet,79
1988-08-08,The Authoritative Calvin and Hobbes,205
1988-08-09,Weirdos From Another Planet,79
1988-08-09,The Authoritative Calvin and Hobbes,205
1988-08-10,Weirdos From Another Planet,79
1988-08-10,The Authoritative Calvin and Hobbes,205
1988-08-11,Weirdos From Another Planet,80
1988-08-11,The Authoritative Calvin and Hobbes,206
1988-08-12,Weirdos From Another Planet,80
1988-08-12,The Authoritative Calvin and Hobbes,206
1988-08-13,Weirdos From Another Planet,80
1988-08-13,The Authoritative Calvin and Hobbes,206
1988-08-14,The Calvin and Hobbes Lazy Sunday Book,77
1988-08-14,Weirdos From Another Planet,82
1988-08-14,The Authoritative Calvin and Hobbes,208
1988-08-15,Weirdos From Another Planet,81
1988-08-15,The Authoritative Calvin and Hobbes,207
1988-08-16,Weirdos From Another Planet,81
1988-08-16,The Authoritative Calvin and Hobbes,207
1988-08-17,Weirdos From Another Planet,81
1988-08-17,The Authoritative Calvin and Hobbes,207
1988-08-18,Weirdos From Another Planet,83
1988-08-18,The Authoritative Calvin and Hobbes,209
1988-08-19,Weirdos From Another Planet,83
1988-08-19,The Authoritative Calvin and Hobbes,209
1988-08-20,Weirdos From Another Planet,83
1988-08-20,The Authoritative Calvin and Hobbes,209
1988-08-21,The Calvin and Hobbes Lazy Sunday Book,78
1988-08-21,Weirdos From Another Planet,84
1988-08-21,The Authoritative Calvin and Hobbes,210
1988-08-22,Weirdos From Another Planet,85
1988-08-22,The Authoritative Calvin and Hobbes,211
1988-08-23,Weirdos From Another Planet,85
1988-08-23,The Authoritative Calvin and Hobbes,211
1988-08-24,Weirdos From Another Planet,85
1988-08-24,The Authoritative Calvin and Hobbes,211
1988-08-25,Weirdos From Another Planet,86
1988-08-25,The Authoritative Calvin and Hobbes,212
1988-08-26,Weirdos From Another Planet,86
1988-08-26,The Authoritative Calvin and Hobbes,212
1988-08-27,Weirdos From Another Planet,86
1988-08-27,The Authoritative Calvin and Hobbes,212
1988-08-28,Calvin and Hobbes: Sunday Pages 1985-1995,38
1988-08-28,Calvin and Hobbes: Sunday Pages 1985-1995,39
1988-08-28,Weirdos From Another Planet,87
1988-08-28,The Calvin and Hobbes Lazy Sunday Book,126
1988-08-28,The Authoritative Calvin and Hobbes,213
1988-08-29,Weirdos From Another Planet,88
1988-08-29,The Authoritative Calvin and Hobbes,214
1988-08-30,Weirdos From Another Planet,88
1988-08-30,The Authoritative Calvin and Hobbes,214
1988-08-31,Weirdos From Another Planet,88
1988-08-31,The Authoritative Calvin and Hobbes,214
1988-09-01,Weirdos From Another Planet,89
1988-09-01,The Authoritative Calvin and Hobbes,215
1988-09-02,Weirdos From Another Planet,89
1988-09-02,The Authoritative Calvin and Hobbes,215
1988-09-03,Weirdos From Another Planet,11
1988-09-03,The Authoritative Calvin and Hobbes,215
1988-09-04,The Calvin and Hobbes Lazy Sunday Book,79
1988-09-04,Weirdos From Another Planet,90
1988-09-04,The Authoritative Calvin and Hobbes,216
1988-09-05,Weirdos From Another Planet,91
1988-09-05,The Authoritative Calvin and Hobbes,217
1988-09-06,Weirdos From Another Planet,91
1988-09-06,The Authoritative Calvin and Hobbes,217
1988-09-07,The Calvin and Hobbes Tenth Anniversary Book,24
1988-09-07,Weirdos From Another Planet,91
1988-09-07,The Authoritative Calvin and Hobbes,217
1988-09-08,Weirdos From Another Planet,92
1988-09-08,The Authoritative Calvin and Hobbes,218
1988-09-09,Weirdos From Another Planet,92
1988-09-09,The Authoritative Calvin and Hobbes,218
1988-09-10,Weirdos From Another Planet,92
1988-09-10,The Authoritative Calvin and Hobbes,218
1988-09-11,The Calvin and Hobbes Lazy Sunday Book,80
1988-09-11,Weirdos From Another Planet,93
1988-09-11,The Authoritative Calvin and Hobbes,219
1988-09-12,Weirdos From Another Planet,94
1988-09-12,The Authoritative Calvin and Hobbes,220
1988-09-13,Weirdos From Another Planet,94
1988-09-13,The Authoritative Calvin and Hobbes,220
1988-09-14,Weirdos From Another Planet,94
1988-09-14,The Authoritative Calvin and Hobbes,220
1988-09-15,Weirdos From Another Planet,95
1988-09-15,The Authoritative Calvin and Hobbes,221
1988-09-16,Weirdos From Another Planet,95
1988-09-16,The Authoritative Calvin and Hobbes,221
1988-09-17,Weirdos From Another Planet,95
1988-09-17,The Authoritative Calvin and Hobbes,221
1988-09-18,The Calvin and Hobbes Lazy Sunday Book,81
1988-09-18,Weirdos From Another Planet,100
1988-09-18,The Authoritative Calvin and Hobbes,226
1988-09-19,Weirdos From Another Planet,96
1988-09-19,The Authoritative Calvin and Hobbes,222
1988-09-20,Weirdos From Another Planet,96
1988-09-20,The Authoritative Calvin and Hobbes,222
1988-09-21,Weirdos From Another Planet,96
1988-09-21,The Authoritative Calvin and Hobbes,222
1988-09-22,Weirdos From Another Planet,97
1988-09-22,The Authoritative Calvin and Hobbes,223
1988-09-23,Weirdos From Another Planet,97
1988-09-23,The Authoritative Calvin and Hobbes,223
1988-09-24,Weirdos From Another Planet,97
1988-09-24,The Authoritative Calvin and Hobbes,223
1988-09-25,The Calvin and Hobbes Lazy Sunday Book,82
1988-09-25,Weirdos From Another Planet,102
1988-09-25,The Authoritative Calvin and Hobbes,228
1988-09-26,The Calvin and Hobbes Tenth Anniversary Book,92
1988-09-26,Weirdos From Another Planet,98
1988-09-26,The Authoritative Calvin and Hobbes,224
1988-09-27,The Calvin and Hobbes Tenth Anniversary Book,92
1988-09-27,Weirdos From Another Planet,98
1988-09-27,The Authoritative Calvin and Hobbes,224
1988-09-28,The Calvin and Hobbes Tenth Anniversary Book,93
1988-09-28,Weirdos From Another Planet,98
1988-09-28,The Authoritative Calvin and Hobbes,224
1988-09-29,The Calvin and Hobbes Tenth Anniversary Book,93
1988-09-29,Weirdos From Another Planet,99
1988-09-29,The Authoritative Calvin and Hobbes,225
1988-09-30,Weirdos From Another Planet,99
1988-09-30,The Authoritative Calvin and Hobbes,225
1988-10-01,Weirdos From Another Planet,99
1988-10-01,The Authoritative Calvin and Hobbes,225
1988-10-02,The Calvin and Hobbes Lazy Sunday Book,83
1988-10-02,Weirdos From Another Planet,104
1988-10-02,The Authoritative Calvin and Hobbes,230
1988-10-03,Weirdos From Another Planet,101
1988-10-03,The Authoritative Calvin and Hobbes,227
1988-10-04,Weirdos From Another Planet,101
1988-10-04,The Authoritative Calvin and Hobbes,227
1988-10-05,Weirdos From Another Planet,101
1988-10-05,The Authoritative Calvin and Hobbes,227
1988-10-06,The Calvin and Hobbes Tenth Anniversary Book,102
1988-10-06,Weirdos From Another Planet,103
1988-10-06,The Authoritative Calvin and Hobbes,229
1988-10-07,Weirdos From Another Planet,103
1988-10-07,The Authoritative Calvin and Hobbes,229
1988-10-08,Weirdos From Another Planet,103
1988-10-08,The Authoritative Calvin and Hobbes,229
1988-10-09,The Calvin and Hobbes Lazy Sunday Book,84
1988-10-09,Weirdos From Another Planet,108
1988-10-09,The Authoritative Calvin and Hobbes,234
1988-10-10,Weirdos From Another Planet,105
1988-10-10,The Authoritative Calvin and Hobbes,231
1988-10-11,Weirdos From Another Planet,105
1988-10-11,The Authoritative Calvin and Hobbes,231
1988-10-12,Weirdos From Another Planet,105
1988-10-12,The Authoritative Calvin and Hobbes,231
1988-10-13,Weirdos From Another Planet,106
1988-10-13,The Authoritative Calvin and Hobbes,232
1988-10-14,Weirdos From Another Planet,106
1988-10-14,The Authoritative Calvin and Hobbes,232
1988-10-15,Weirdos From Another Planet,106
1988-10-15,The Authoritative Calvin and Hobbes,232
1988-10-16,The Calvin and Hobbes Lazy Sunday Book,85
1988-10-16,Weirdos From Another Planet,110
1988-10-16,The Authoritative Calvin and Hobbes,236
1988-10-17,Weirdos From Another Planet,107
1988-10-17,The Authoritative Calvin and Hobbes,233
1988-10-18,Weirdos From Another Planet,107
1988-10-18,The Authoritative Calvin and Hobbes,233
1988-10-19,Weirdos From Another Planet,107
1988-10-19,The Authoritative Calvin and Hobbes,233
1988-10-20,Weirdos From Another Planet,109
1988-10-20,The Authoritative Calvin and Hobbes,235
1988-10-21,The Calvin and Hobbes Tenth Anniversary Book,102
1988-10-21,Weirdos From Another Planet,109
1988-10-21,The Authoritative Calvin and Hobbes,235
1988-10-22,Weirdos From Another Planet,109
1988-10-22,The Authoritative Calvin and Hobbes,235
1988-10-23,The Calvin and Hobbes Lazy Sunday Book,86
1988-10-23,Weirdos From Another Planet,112
1988-10-23,The Authoritative Calvin and Hobbes,238
1988-10-24,Weirdos From Another Planet,111
1988-10-24,The Authoritative Calvin and Hobbes,237
1988-10-25,Weirdos From Another Planet,111
1988-10-25,The Authoritative Calvin and Hobbes,237
1988-10-26,Weirdos From Another Planet,111
1988-10-26,The Authoritative Calvin and Hobbes,237
1988-10-27,Weirdos From Another Planet,113
1988-10-27,The Authoritative Calvin and Hobbes,239
1988-10-28,Weirdos From Another Planet,113
1988-10-28,The Authoritative Calvin and Hobbes,239
1988-10-29,Weirdos From Another Planet,113
1988-10-29,The Authoritative Calvin and Hobbes,239
1988-10-30,The Calvin and Hobbes Lazy Sunday Book,87
1988-10-30,Weirdos From Another Planet,114
1988-10-30,The Authoritative Calvin and Hobbes,240
1988-10-31,Weirdos From Another Planet,115
1988-10-31,The Authoritative Calvin and Hobbes,241
1988-11-01,Weirdos From Another Planet,115
1988-11-01,The Authoritative Calvin and Hobbes,241
1988-11-02,Weirdos From Another Planet,115
1988-11-02,The Authoritative Calvin and Hobbes,241
1988-11-03,Weirdos From Another Planet,116
1988-11-03,The Authoritative Calvin and Hobbes,242
1988-11-04,Weirdos From Another Planet,116
1988-11-04,The Authoritative Calvin and Hobbes,242
1988-11-05,Weirdos From Another Planet,116
1988-11-05,The Authoritative Calvin and Hobbes,242
1988-11-06,The Calvin and Hobbes Lazy Sunday Book,88
1988-11-06,The Calvin and Hobbes Tenth Anniversary Book,94
1988-11-06,Weirdos From Another Planet,117
1988-11-06,The Authoritative Calvin and Hobbes,243
1988-11-07,Weirdos From Another Planet,118
1988-11-07,The Authoritative Calvin and Hobbes,244
1988-11-08,Weirdos From Another Planet,118
1988-11-08,The Authoritative Calvin and Hobbes,244
1988-11-09,Weirdos From Another Planet,118
1988-11-09,The Authoritative Calvin and Hobbes,244
1988-11-10,Weirdos From Another Planet,119
1988-11-10,The Authoritative Calvin and Hobbes,245
1988-11-11,Weirdos From Another Planet,119
1988-11-11,The Authoritative Calvin and Hobbes,245
1988-11-12,Weirdos From Another Planet,119
1988-11-12,The Authoritative Calvin and Hobbes,245
1988-11-13,The Calvin and Hobbes Lazy Sunday Book,89
1988-11-13,Weirdos From Another Planet,120
1988-11-13,The Authoritative Calvin and Hobbes,246
1988-11-14,Weirdos From Another Planet,121
1988-11-14,The Authoritative Calvin and Hobbes,247
1988-11-15,Weirdos From Another Planet,121
1988-11-15,The Authoritative Calvin and Hobbes,247
1988-11-16,Weirdos From Another Planet,121
1988-11-16,The Authoritative Calvin and Hobbes,247
1988-11-17,Weirdos From Another Planet,122
1988-11-17,The Authoritative Calvin and Hobbes,248
1988-11-18,Weirdos From Another Planet,122
1988-11-18,The Authoritative Calvin and Hobbes,248
1988-11-19,Weirdos From Another Planet,122
1988-11-19,The Authoritative Calvin and Hobbes,248
1988-11-20,The Calvin and Hobbes Lazy Sunday Book,90
1988-11-20,Weirdos From Another Planet,123
1988-11-20,The Authoritative Calvin and Hobbes,249
1988-11-21,Weirdos From Another Planet,124
1988-11-21,The Authoritative Calvin and Hobbes,250
1988-11-22,Weirdos From Another Planet,124
1988-11-22,The Authoritative Calvin and Hobbes,250
1988-11-23,Weirdos From Another Planet,124
1988-11-23,The Authoritative Calvin and Hobbes,250
1988-11-24,Weirdos From Another Planet,125
1988-11-24,The Authoritative Calvin and Hobbes,251
1988-11-25,Weirdos From Another Planet,125
1988-11-25,The Authoritative Calvin and Hobbes,251
1988-11-26,Weirdos From Another Planet,11
1988-11-26,The Authoritative Calvin and Hobbes,251
1988-11-27,The Revenge of the Baby-Sat,6
1988-11-27,The Indispensable Calvin and Hobbes,11
1988-11-27,The Calvin and Hobbes Lazy Sunday Book,91
1988-11-28,The Revenge of the Baby-Sat,5
1988-11-28,The Indispensable Calvin and Hobbes,10
1988-11-29,The Revenge of the Baby-Sat,5
1988-11-29,The Indispensable Calvin and Hobbes,10
1988-11-30,The Revenge of the Baby-Sat,5
1988-11-30,The Indispensable Calvin and Hobbes,10
1988-12-01,Weirdos From Another Planet,126
1988-12-01,The Authoritative Calvin and Hobbes,252
1988-12-02,Weirdos From Another Planet,126
1988-12-02,The Authoritative Calvin and Hobbes,252
1988-12-03,The Calvin and Hobbes Tenth Anniversary Book,103
1988-12-03,Weirdos From Another Planet,126
1988-12-03,The Authoritative Calvin and Hobbes,252
1988-12-04,The Calvin and Hobbes Lazy Sunday Book,92
1988-12-04,Weirdos From Another Planet,127
1988-12-04,The Authoritative Calvin and Hobbes,253
1988-12-05,The Revenge of the Baby-Sat,7
1988-12-05,The Indispensable Calvin and Hobbes,12
1988-12-06,The Revenge of the Baby-Sat,7
1988-12-06,The Indispensable Calvin and Hobbes,12
1988-12-07,The Revenge of the Baby-Sat,7
1988-12-07,The Indispensable Calvin and Hobbes,12
1988-12-08,The Revenge of the Baby-Sat,9
1988-12-08,The Indispensable Calvin and Hobbes,14
1988-12-09,The Revenge of the Baby-Sat,9
1988-12-09,The Indispensable Calvin and Hobbes,14
1988-12-10,The Revenge of the Baby-Sat,9
1988-12-10,The Indispensable Calvin and Hobbes,14
1988-12-11,The Revenge of the Baby-Sat,8
1988-12-11,The Indispensable Calvin and Hobbes,13
1988-12-11,The Calvin and Hobbes Lazy Sunday Book,93
1988-12-12,The Revenge of the Baby-Sat,10
1988-12-12,The Indispensable Calvin and Hobbes,15
1988-12-13,The Revenge of the Baby-Sat,10
1988-12-13,The Indispensable Calvin and Hobbes,15
1988-12-14,The Revenge of the Baby-Sat,10
1988-12-14,The Indispensable Calvin and Hobbes,15
1988-12-15,The Revenge of the Baby-Sat,11
1988-12-15,The Indispensable Calvin and Hobbes,16
1988-12-16,The Revenge of the Baby-Sat,11
1988-12-16,The Indispensable Calvin and Hobbes,16
1988-12-17,The Revenge of the Baby-Sat,11
1988-12-17,The Indispensable Calvin and Hobbes,16
1988-12-18,The Revenge of the Baby-Sat,12
1988-12-18,The Indispensable Calvin and Hobbes,17
1988-12-18,The Calvin and Hobbes Lazy Sunday Book,94
1988-12-19,The Revenge of the Baby-Sat,13
1988-12-19,The Indispensable Calvin and Hobbes,18
1988-12-20,The Revenge of the Baby-Sat,13
1988-12-20,The Indispensable Calvin and Hobbes,18
1988-12-21,The Revenge of the Baby-Sat,13
1988-12-21,The Indispensable Calvin and Hobbes,18
1988-12-22,The Revenge of the Baby-Sat,14
1988-12-22,The Indispensable Calvin and Hobbes,19
1988-12-23,The Revenge of the Baby-Sat,14
1988-12-23,The Indispensable Calvin and Hobbes,19
1988-12-24,The Revenge of the Baby-Sat,14
1988-12-24,The Indispensable Calvin and Hobbes,19
1988-12-25,The Revenge of the Baby-Sat,15
1988-12-25,The Indispensable Calvin and Hobbes,20
1988-12-25,The Calvin and Hobbes Lazy Sunday Book,95
1988-12-26,The Revenge of the Baby-Sat,16
1988-12-26,The Indispensable Calvin and Hobbes,21
1988-12-27,The Revenge of the Baby-Sat,16
1988-12-27,The Indispensable Calvin and Hobbes,21
1988-12-28,The Revenge of the Baby-Sat,16
1988-12-28,The Indispensable Calvin and Hobbes,21
1988-12-29,The Revenge of the Baby-Sat,17
1988-12-29,The Indispensable Calvin and Hobbes,22
1988-12-30,The Revenge of the Baby-Sat,17
1988-12-30,The Indispensable Calvin and Hobbes,22
1988-12-31,The Revenge of the Baby-Sat,17
1988-12-31,The Indispensable Calvin and Hobbes,22
1989-01-01,The Revenge of the Baby-Sat,18
1989-01-01,The Indispensable Calvin and Hobbes,23
1989-01-01,The Calvin and Hobbes Lazy Sunday Book,96
1989-01-02,The Revenge of the Baby-Sat,19
1989-01-02,The Indispensable Calvin and Hobbes,24
1989-01-03,The Revenge of the Baby-Sat,19
1989-01-03,The Indispensable Calvin and Hobbes,24
1989-01-04,The Revenge of the Baby-Sat,19
1989-01-04,The Indispensable Calvin and Hobbes,24
1989-01-05,The Revenge of the Baby-Sat,20
1989-01-05,The Indispensable Calvin and Hobbes,25
1989-01-06,The Revenge of the Baby-Sat,20
1989-01-06,The Indispensable Calvin and Hobbes,25
1989-01-07,The Revenge of the Baby-Sat,20
1989-01-07,The Indispensable Calvin and Hobbes,25
1989-01-08,The Revenge of the Baby-Sat,21
1989-01-08,The Indispensable Calvin and Hobbes,26
1989-01-08,The Calvin and Hobbes Lazy Sunday Book,97
1989-01-09,The Revenge of the Baby-Sat,22
1989-01-09,The Indispensable Calvin and Hobbes,27
1989-01-10,The Revenge of the Baby-Sat,22
1989-01-10,The Indispensable Calvin and Hobbes,27
1989-01-11,The Revenge of the Baby-Sat,22
1989-01-11,The Indispensable Calvin and Hobbes,27
1989-01-12,The Revenge of the Baby-Sat,24
1989-01-12,The Indispensable Calvin and Hobbes,29
1989-01-13,The Revenge of the Baby-Sat,24
1989-01-13,The Indispensable Calvin and Hobbes,29
1989-01-14,The Revenge of the Baby-Sat,24
1989-01-14,The Indispensable Calvin and Hobbes,29
1989-01-15,The Revenge of the Baby-Sat,23
1989-01-15,The Indispensable Calvin and Hobbes,28
1989-01-15,The Calvin and Hobbes Lazy Sunday Book,98
1989-01-16,The Revenge of the Baby-Sat,26
1989-01-16,The Indispensable Calvin and Hobbes,31
1989-01-17,The Revenge of the Baby-Sat,26
1989-01-17,The Indispensable Calvin and Hobbes,31
1989-01-18,The Revenge of the Baby-Sat,26
1989-01-18,The Indispensable Calvin and Hobbes,31
1989-01-19,The Revenge of the Baby-Sat,27
1989-01-19,The Indispensable Calvin and Hobbes,32
1989-01-20,The Revenge of the Baby-Sat,27
1989-01-20,The Indispensable Calvin and Hobbes,32
1989-01-21,The Revenge of the Baby-Sat,27
1989-01-21,The Indispensable Calvin and Hobbes,32
1989-01-22,The Revenge of the Baby-Sat,25
1989-01-22,The Indispensable Calvin and Hobbes,30
1989-01-22,The Calvin and Hobbes Lazy Sunday Book,99
1989-01-23,The Revenge of the Baby-Sat,28
1989-01-23,The Indispensable Calvin and Hobbes,33
1989-01-24,The Revenge of the Baby-Sat,28
1989-01-24,The Indispensable Calvin and Hobbes,33
1989-01-25,The Revenge of the Baby-Sat,28
1989-01-25,The Indispensable Calvin and Hobbes,33
1989-01-26,The Revenge of the Baby-Sat,29
1989-01-26,The Indispensable Calvin and Hobbes,34
1989-01-27,The Revenge of the Baby-Sat,29
1989-01-27,The Indispensable Calvin and Hobbes,34
1989-01-28,The Revenge of the Baby-Sat,29
1989-01-28,The Indispensable Calvin and Hobbes,34
1989-01-29,The Revenge of the Baby-Sat,30
1989-01-29,The Indispensable Calvin and Hobbes,35
1989-01-29,The Calvin and Hobbes Lazy Sunday Book,100
1989-01-30,The Revenge of the Baby-Sat,31
1989-01-30,The Indispensable Calvin and Hobbes,36
1989-01-31,The Revenge of the Baby-Sat,31
1989-01-31,The Indispensable Calvin and Hobbes,36
1989-02-01,The Revenge of the Baby-Sat,31
1989-02-01,The Indispensable Calvin and Hobbes,36
1989-02-02,The Revenge of the Baby-Sat,33
1989-02-02,The Indispensable Calvin and Hobbes,38
1989-02-03,The Revenge of the Baby-Sat,33
1989-02-03,The Indispensable Calvin and Hobbes,38
1989-02-04,The Revenge of the Baby-Sat,33
1989-02-04,The Indispensable Calvin and Hobbes,38
1989-02-05,The Revenge of the Baby-Sat,32
1989-02-05,The Indispensable Calvin and Hobbes,37
1989-02-05,The Calvin and Hobbes Lazy Sunday Book,101
1989-02-06,The Revenge of the Baby-Sat,35
1989-02-06,The Indispensable Calvin and Hobbes,40
1989-02-07,The Revenge of the Baby-Sat,35
1989-02-07,The Indispensable Calvin and Hobbes,40
1989-02-08,The Revenge of the Baby-Sat,35
1989-02-08,The Indispensable Calvin and Hobbes,40
1989-02-09,The Revenge of the Baby-Sat,36
1989-02-09,The Indispensable Calvin and Hobbes,41
1989-02-10,The Revenge of the Baby-Sat,36
1989-02-10,The Indispensable Calvin and Hobbes,41
1989-02-11,The Revenge of the Baby-Sat,36
1989-02-11,The Indispensable Calvin and Hobbes,41
1989-02-12,The Revenge of the Baby-Sat,34
1989-02-12,The Indispensable Calvin and Hobbes,39
1989-02-12,The Calvin and Hobbes Lazy Sunday Book,102
1989-02-13,The Revenge of the Baby-Sat,37
1989-02-13,The Indispensable Calvin and Hobbes,42
1989-02-14,The Revenge of the Baby-Sat,37
1989-02-14,The Indispensable Calvin and Hobbes,42
1989-02-15,The Revenge of the Baby-Sat,37
1989-02-15,The Indispensable Calvin and Hobbes,42
1989-02-16,The Revenge of the Baby-Sat,38
1989-02-16,The Indispensable Calvin and Hobbes,43
1989-02-17,The Revenge of the Baby-Sat,38
1989-02-17,The Indispensable Calvin and Hobbes,43
1989-02-18,The Revenge of the Baby-Sat,38
1989-02-18,The Indispensable Calvin and Hobbes,43
1989-02-19,The Revenge of the Baby-Sat,39
1989-02-19,The Indispensable Calvin and Hobbes,44
1989-02-19,The Calvin and Hobbes Lazy Sunday Book,103
1989-02-20,The Revenge of the Baby-Sat,40
1989-02-20,The Indispensable Calvin and Hobbes,45
1989-02-21,The Revenge of the Baby-Sat,40
1989-02-21,The Indispensable Calvin and Hobbes,45
1989-02-22,The Revenge of the Baby-Sat,40
1989-02-22,The Indispensable Calvin and Hobbes,45
1989-02-23,The Revenge of the Baby-Sat,41
1989-02-23,The Indispensable Calvin and Hobbes,46
1989-02-24,The Revenge of the Baby-Sat,41
1989-02-24,The Indispensable Calvin and Hobbes,46
1989-02-25,The Revenge of the Baby-Sat,41
1989-02-25,The Indispensable Calvin and Hobbes,46
1989-02-26,The Revenge of the Baby-Sat,42
1989-02-26,The Indispensable Calvin and Hobbes,47
1989-02-26,The Calvin and Hobbes Lazy Sunday Book,104
1989-02-27,The Revenge of the Baby-Sat,43
1989-02-27,The Indispensable Calvin and Hobbes,49
1989-02-28,The Revenge of the Baby-Sat,43
1989-02-28,The Indispensable Calvin and Hobbes,49
1989-03-01,The Revenge of the Baby-Sat,43
1989-03-01,The Indispensable Calvin and Hobbes,49
1989-03-02,The Revenge of the Baby-Sat,44
1989-03-02,The Indispensable Calvin and Hobbes,50
1989-03-03,The Revenge of the Baby-Sat,44
1989-03-03,The Indispensable Calvin and Hobbes,50
1989-03-04,The Revenge of the Baby-Sat,44
1989-03-04,The Indispensable Calvin and Hobbes,50
1989-03-05,The Indispensable Calvin and Hobbes,48
1989-03-05,The Revenge of the Baby-Sat,49
1989-03-05,The Calvin and Hobbes Lazy Sunday Book,105
1989-03-06,The Revenge of the Baby-Sat,45
1989-03-06,The Indispensable Calvin and Hobbes,51
1989-03-07,The Revenge of the Baby-Sat,45
1989-03-07,The Indispensable Calvin and Hobbes,51
1989-03-08,The Revenge of the Baby-Sat,45
1989-03-08,The Indispensable Calvin and Hobbes,51
1989-03-09,The Revenge of the Baby-Sat,46
1989-03-09,The Indispensable Calvin and Hobbes,52
1989-03-10,The Revenge of the Baby-Sat,46
1989-03-10,The Indispensable Calvin and Hobbes,52
1989-03-11,The Revenge of the Baby-Sat,46
1989-03-11,The Indispensable Calvin and Hobbes,52
1989-03-12,The Revenge of the Baby-Sat,50
1989-03-12,The Indispensable Calvin and Hobbes,55
1989-03-12,The Calvin and Hobbes Lazy Sunday Book,106
1989-03-13,The Revenge of the Baby-Sat,47
1989-03-13,The Indispensable Calvin and Hobbes,53
1989-03-14,The Revenge of the Baby-Sat,47
1989-03-14,The Indispensable Calvin and Hobbes,53
1989-03-15,The Revenge of the Baby-Sat,47
1989-03-15,The Indispensable Calvin and Hobbes,53
1989-03-16,The Revenge of the Baby-Sat,48
1989-03-16,The Indispensable Calvin and Hobbes,54
1989-03-17,The Revenge of the Baby-Sat,48
1989-03-17,The Indispensable Calvin and Hobbes,54
1989-03-18,The Revenge of the Baby-Sat,48
1989-03-18,The Indispensable Calvin and Hobbes,54
1989-03-19,The Revenge of the Baby-Sat,57
1989-03-19,The Indispensable Calvin and Hobbes,62
1989-03-19,The Calvin and Hobbes Lazy Sunday Book,107
1989-03-20,The Revenge of the Baby-Sat,51
1989-03-20,The Indispensable Calvin and Hobbes,56
1989-03-21,The Revenge of the Baby-Sat,51
1989-03-21,The Indispensable Calvin and Hobbes,56
1989-03-22,The Revenge of the Baby-Sat,51
1989-03-22,The Indispensable Calvin and Hobbes,56
1989-03-23,The Revenge of the Baby-Sat,52
1989-03-23,The Indispensable Calvin and Hobbes,57
1989-03-24,The Revenge of the Baby-Sat,52
1989-03-24,The Indispensable Calvin and Hobbes,57
1989-03-25,The Revenge of the Baby-Sat,52
1989-03-25,The Indispensable Calvin and Hobbes,57
1989-03-26,Calvin and Hobbes: Sunday Pages 1985-1995,40
1989-03-26,Calvin and Hobbes: Sunday Pages 1985-1995,41
1989-03-26,The Revenge of the Baby-Sat,59
1989-03-26,The Indispensable Calvin and Hobbes,64
1989-03-26,The Calvin and Hobbes Tenth Anniversary Book,84
1989-03-26,The Calvin and Hobbes Lazy Sunday Book,108
1989-03-27,The Revenge of the Baby-Sat,53
1989-03-27,The Indispensable Calvin and Hobbes,58
1989-03-28,The Revenge of the Baby-Sat,53
1989-03-28,The Indispensable Calvin and Hobbes,58
1989-03-29,The Revenge of the Baby-Sat,53
1989-03-29,The Indispensable Calvin and Hobbes,58
1989-03-30,The Revenge of the Baby-Sat,54
1989-03-30,The Indispensable Calvin and Hobbes,59
1989-03-31,The Revenge of the Baby-Sat,54
1989-03-31,The Indispensable Calvin and Hobbes,59
1989-04-01,The Revenge of the Baby-Sat,54
1989-04-01,The Indispensable Calvin and Hobbes,59
1989-04-02,The Revenge of the Baby-Sat,61
1989-04-02,The Indispensable Calvin and Hobbes,66
1989-04-02,The Calvin and Hobbes Lazy Sunday Book,109
1989-04-03,The Revenge of the Baby-Sat,55
1989-04-03,The Indispensable Calvin and Hobbes,60
1989-04-04,The Revenge of the Baby-Sat,55
1989-04-04,The Indispensable Calvin and Hobbes,60
1989-04-05,The Revenge of the Baby-Sat,55
1989-04-05,The Indispensable Calvin and Hobbes,60
1989-04-06,The Revenge of the Baby-Sat,56
1989-04-06,The Indispensable Calvin and Hobbes,61
1989-04-07,The Revenge of the Baby-Sat,56
1989-04-07,The Indispensable Calvin and Hobbes,61
1989-04-08,The Revenge of the Baby-Sat,56
1989-04-08,The Indispensable Calvin and Hobbes,61
1989-04-09,The Revenge of the Baby-Sat,62
1989-04-09,The Indispensable Calvin and Hobbes,69
1989-04-09,The Calvin and Hobbes Lazy Sunday Book,110
1989-04-10,The Revenge of the Baby-Sat,58
1989-04-10,The Indispensable Calvin and Hobbes,63
1989-04-11,The Revenge of the Baby-Sat,58
1989-04-11,The Indispensable Calvin and Hobbes,63
1989-04-12,The Revenge of the Baby-Sat,58
1989-04-12,The Indispensable Calvin and Hobbes,63
1989-04-13,The Revenge of the Baby-Sat,60
1989-04-13,The Indispensable Calvin and Hobbes,65
1989-04-14,The Revenge of the Baby-Sat,60
1989-04-14,The Indispensable Calvin and Hobbes,65
1989-04-15,The Revenge of the Baby-Sat,60
1989-04-15,The Indispensable Calvin and Hobbes,65
1989-04-16,The Revenge of the Baby-Sat,65
1989-04-16,The Indispensable Calvin and Hobbes,70
1989-04-16,The Calvin and Hobbes Lazy Sunday Book,111
1989-04-17,The Revenge of the Baby-Sat,63
1989-04-17,The Indispensable Calvin and Hobbes,67
1989-04-18,The Revenge of the Baby-Sat,63
1989-04-18,The Indispensable Calvin and Hobbes,67
1989-04-19,The Revenge of the Baby-Sat,63
1989-04-19,The Indispensable Calvin and Hobbes,67
1989-04-20,The Revenge of the Baby-Sat,64
1989-04-20,The Indispensable Calvin and Hobbes,68
1989-04-21,The Revenge of the Baby-Sat,64
1989-04-21,The Indispensable Calvin and Hobbes,68
1989-04-22,The Revenge of the Baby-Sat,64
1989-04-22,The Indispensable Calvin and Hobbes,68
1989-04-23,The Revenge of the Baby-Sat,72
1989-04-23,The Indispensable Calvin and Hobbes,77
1989-04-23,The Calvin and Hobbes Lazy Sunday Book,112
1989-04-24,The Revenge of the Baby-Sat,66
1989-04-24,The Indispensable Calvin and Hobbes,71
1989-04-25,The Revenge of the Baby-Sat,66
1989-04-25,The Indispensable Calvin and Hobbes,71
1989-04-26,The Revenge of the Baby-Sat,66
1989-04-26,The Indispensable Calvin and Hobbes,71
1989-04-27,The Revenge of the Baby-Sat,67
1989-04-27,The Indispensable Calvin and Hobbes,72
1989-04-28,The Revenge of the Baby-Sat,67
1989-04-28,The Indispensable Calvin and Hobbes,72
1989-04-29,The Revenge of the Baby-Sat,67
1989-04-29,The Indispensable Calvin and Hobbes,72
1989-04-30,The Revenge of the Baby-Sat,81
1989-04-30,The Indispensable Calvin and Hobbes,86
1989-04-30,The Calvin and Hobbes Lazy Sunday Book,113
1989-05-01,The Revenge of the Baby-Sat,68
1989-05-01,The Indispensable Calvin and Hobbes,73
1989-05-02,The Revenge of the Baby-Sat,68
1989-05-02,The Indispensable Calvin and Hobbes,73
1989-05-03,The Revenge of the Baby-Sat,68
1989-05-03,The Indispensable Calvin and Hobbes,73
1989-05-04,The Revenge of the Baby-Sat,69
1989-05-04,The Indispensable Calvin and Hobbes,74
1989-05-05,The Revenge of the Baby-Sat,69
1989-05-05,The Indispensable Calvin and Hobbes,74
1989-05-06,The Revenge of the Baby-Sat,69
1989-05-06,The Indispensable Calvin and Hobbes,74
1989-05-07,The Revenge of the Baby-Sat,82
1989-05-07,The Indispensable Calvin and Hobbes,88
1989-05-07,The Calvin and Hobbes Lazy Sunday Book,114
1989-05-08,The Revenge of the Baby-Sat,70
1989-05-08,The Indispensable Calvin and Hobbes,75
1989-05-09,The Revenge of the Baby-Sat,70
1989-05-09,The Indispensable Calvin and Hobbes,75
1989-05-10,The Revenge of the Baby-Sat,70
1989-05-10,The Indispensable Calvin and Hobbes,75
1989-05-11,The Revenge of the Baby-Sat,71
1989-05-11,The Indispensable Calvin and Hobbes,76
1989-05-12,The Revenge of the Baby-Sat,71
1989-05-12,The Indispensable Calvin and Hobbes,76
1989-05-13,The Revenge of the Baby-Sat,71
1989-05-13,The Indispensable Calvin and Hobbes,76
1989-05-14,The Revenge of the Baby-Sat,84
1989-05-14,The Indispensable Calvin and Hobbes,90
1989-05-14,The Calvin and Hobbes Lazy Sunday Book,115
1989-05-15,The Revenge of the Baby-Sat,73
1989-05-15,The Indispensable Calvin and Hobbes,78
1989-05-16,The Revenge of the Baby-Sat,73
1989-05-16,The Indispensable Calvin and Hobbes,78
1989-05-17,The Revenge of the Baby-Sat,73
1989-05-17,The Indispensable Calvin and Hobbes,78
1989-05-18,The Revenge of the Baby-Sat,74
1989-05-18,The Indispensable Calvin and Hobbes,79
1989-05-19,The Revenge of the Baby-Sat,74
1989-05-19,The Indispensable Calvin and Hobbes,79
1989-05-20,The Revenge of the Baby-Sat,74
1989-05-20,The Indispensable Calvin and Hobbes,79
1989-05-21,The Revenge of the Baby-Sat,86
1989-05-21,The Indispensable Calvin and Hobbes,93
1989-05-21,The Calvin and Hobbes Lazy Sunday Book,116
1989-05-22,The Revenge of the Baby-Sat,75
1989-05-22,The Indispensable Calvin and Hobbes,80
1989-05-23,The Revenge of the Baby-Sat,75
1989-05-23,The Indispensable Calvin and Hobbes,80
1989-05-24,The Revenge of the Baby-Sat,75
1989-05-24,The Indispensable Calvin and Hobbes,80
1989-05-25,The Revenge of the Baby-Sat,76
1989-05-25,The Indispensable Calvin and Hobbes,81
1989-05-26,The Revenge of the Baby-Sat,76
1989-05-26,The Indispensable Calvin and Hobbes,81
1989-05-27,The Revenge of the Baby-Sat,76
1989-05-27,The Indispensable Calvin and Hobbes,81
1989-05-28,The Revenge of the Baby-Sat,89
1989-05-28,The Indispensable Calvin and Hobbes,94
1989-05-28,The Calvin and Hobbes Lazy Sunday Book,117
1989-05-29,The Revenge of the Baby-Sat,77
1989-05-29,The Indispensable Calvin and Hobbes,82
1989-05-30,The Revenge of the Baby-Sat,77
1989-05-30,The Indispensable Calvin and Hobbes,82
1989-05-31,The Revenge of the Baby-Sat,77
1989-05-31,The Indispensable Calvin and Hobbes,82
1989-06-01,The Revenge of the Baby-Sat,78
1989-06-01,The Indispensable Calvin and Hobbes,83
1989-06-02,The Revenge of the Baby-Sat,78
1989-06-02,The Indispensable Calvin and Hobbes,83
1989-06-03,The Revenge of the Baby-Sat,78
1989-06-03,The Indispensable Calvin and Hobbes,83
1989-06-04,Calvin and Hobbes: Sunday Pages 1985-1995,42
1989-06-04,Calvin and Hobbes: Sunday Pages 1985-1995,43
1989-06-04,The Revenge of the Baby-Sat,91
1989-06-04,The Indispensable Calvin and Hobbes,96
1989-06-04,The Calvin and Hobbes Lazy Sunday Book,118
1989-06-04,The Calvin and Hobbes Tenth Anniversary Book,119
1989-06-05,The Revenge of the Baby-Sat,79
1989-06-05,The Indispensable Calvin and Hobbes,84
1989-06-06,The Revenge of the Baby-Sat,79
1989-06-06,The Indispensable Calvin and Hobbes,84
1989-06-07,The Revenge of the Baby-Sat,79
1989-06-07,The Indispensable Calvin and Hobbes,84
1989-06-08,The Revenge of the Baby-Sat,80
1989-06-08,The Indispensable Calvin and Hobbes,85
1989-06-09,The Revenge of the Baby-Sat,80
1989-06-09,The Indispensable Calvin and Hobbes,85
1989-06-10,The Revenge of the Baby-Sat,80
1989-06-10,The Indispensable Calvin and Hobbes,85
1989-06-11,The Revenge of the Baby-Sat,93
1989-06-11,The Indispensable Calvin and Hobbes,98
1989-06-11,The Calvin and Hobbes Lazy Sunday Book,119
1989-06-12,The Revenge of the Baby-Sat,83
1989-06-12,The Indispensable Calvin and Hobbes,87
1989-06-13,The Revenge of the Baby-Sat,83
1989-06-13,The Indispensable Calvin and Hobbes,87
1989-06-14,The Revenge of the Baby-Sat,83
1989-06-14,The Indispensable Calvin and Hobbes,87
1989-06-15,The Revenge of the Baby-Sat,85
1989-06-15,The Indispensable Calvin and Hobbes,89
1989-06-16,The Revenge of the Baby-Sat,85
1989-06-16,The Indispensable Calvin and Hobbes,89
1989-06-17,The Revenge of the Baby-Sat,85
1989-06-17,The Indispensable Calvin and Hobbes,89
1989-06-18,The Revenge of the Baby-Sat,95
1989-06-18,The Indispensable Calvin and Hobbes,100
1989-06-18,The Calvin and Hobbes Lazy Sunday Book,120
1989-06-19,The Revenge of the Baby-Sat,87
1989-06-19,The Indispensable Calvin and Hobbes,91
1989-06-20,The Revenge of the Baby-Sat,87
1989-06-20,The Indispensable Calvin and Hobbes,91
1989-06-21,The Revenge of the Baby-Sat,87
1989-06-21,The Indispensable Calvin and Hobbes,91
1989-06-22,The Revenge of the Baby-Sat,88
1989-06-22,The Indispensable Calvin and Hobbes,92
1989-06-23,The Revenge of the Baby-Sat,88
1989-06-23,The Indispensable Calvin and Hobbes,92
1989-06-24,The Revenge of the Baby-Sat,88
1989-06-24,The Indispensable Calvin and Hobbes,92
1989-06-25,The Revenge of the Baby-Sat,97
1989-06-25,The Indispensable Calvin and Hobbes,102
1989-06-25,The Calvin and Hobbes Lazy Sunday Book,121
1989-06-26,The Revenge of the Baby-Sat,90
1989-06-26,The Indispensable Calvin and Hobbes,95
1989-06-27,The Revenge of the Baby-Sat,90
1989-06-27,The Indispensable Calvin and Hobbes,95
1989-06-28,The Revenge of the Baby-Sat,90
1989-06-28,The Indispensable Calvin and Hobbes,95
1989-06-29,The Revenge of the Baby-Sat,92
1989-06-29,The Indispensable Calvin and Hobbes,97
1989-06-30,The Revenge of the Baby-Sat,92
1989-06-30,The Indispensable Calvin and Hobbes,97
1989-07-01,The Revenge of the Baby-Sat,92
1989-07-01,The Indispensable Calvin and Hobbes,97
1989-07-02,The Revenge of the Baby-Sat,99
1989-07-02,The Indispensable Calvin and Hobbes,104
1989-07-02,The Calvin and Hobbes Lazy Sunday Book,122
1989-07-03,The Revenge of the Baby-Sat,94
1989-07-03,The Indispensable Calvin and Hobbes,99
1989-07-04,The Revenge of the Baby-Sat,94
1989-07-04,The Indispensable Calvin and Hobbes,99
1989-07-05,The Revenge of the Baby-Sat,94
1989-07-05,The Indispensable Calvin and Hobbes,99
1989-07-06,The Revenge of the Baby-Sat,96
1989-07-06,The Indispensable Calvin and Hobbes,101
1989-07-07,The Revenge of the Baby-Sat,96
1989-07-07,The Indispensable Calvin and Hobbes,101
1989-07-08,The Revenge of the Baby-Sat,96
1989-07-08,The Indispensable Calvin and Hobbes,101
1989-07-09,Calvin and Hobbes: Sunday Pages 1985-1995,44
1989-07-09,Calvin and Hobbes: Sunday Pages 1985-1995,45
1989-07-09,The Revenge of the Baby-Sat,101
1989-07-09,The Indispensable Calvin and Hobbes,106
1989-07-09,The Calvin and Hobbes Lazy Sunday Book,123
1989-07-10,The Revenge of the Baby-Sat,98
1989-07-10,The Indispensable Calvin and Hobbes,103
1989-07-11,The Revenge of the Baby-Sat,98
1989-07-11,The Indispensable Calvin and Hobbes,103
1989-07-12,The Revenge of the Baby-Sat,98
1989-07-12,The Indispensable Calvin and Hobbes,103
1989-07-13,The Revenge of the Baby-Sat,100
1989-07-13,The Indispensable Calvin and Hobbes,105
1989-07-14,The Revenge of the Baby-Sat,100
1989-07-14,The Indispensable Calvin and Hobbes,105
1989-07-15,The Revenge of the Baby-Sat,100
1989-07-15,The Indispensable Calvin and Hobbes,105
1989-07-16,The Revenge of the Baby-Sat,106
1989-07-16,The Indispensable Calvin and Hobbes,111
1989-07-16,The Calvin and Hobbes Lazy Sunday Book,124
1989-07-17,The Revenge of the Baby-Sat,102
1989-07-17,The Indispensable Calvin and Hobbes,107
1989-07-18,The Revenge of the Baby-Sat,102
1989-07-18,The Indispensable Calvin and Hobbes,107
1989-07-19,The Revenge of the Baby-Sat,102
1989-07-19,The Indispensable Calvin and Hobbes,107
1989-07-20,The Revenge of the Baby-Sat,103
1989-07-20,The Indispensable Calvin and Hobbes,108
1989-07-21,The Revenge of the Baby-Sat,103
1989-07-21,The Indispensable Calvin and Hobbes,108
1989-07-22,The Revenge of the Baby-Sat,103
1989-07-22,The Indispensable Calvin and Hobbes,108
1989-07-23,The Revenge of the Baby-Sat,108
1989-07-23,The Indispensable Calvin and Hobbes,113
1989-07-23,The Calvin and Hobbes Lazy Sunday Book,125
1989-07-24,The Revenge of the Baby-Sat,104
1989-07-24,The Indispensable Calvin and Hobbes,109
1989-07-25,The Revenge of the Baby-Sat,104
1989-07-25,The Indispensable Calvin and Hobbes,109
1989-07-26,The Revenge of the Baby-Sat,104
1989-07-26,The Indispensable Calvin and Hobbes,109
1989-07-27,The Revenge of the Baby-Sat,105
1989-07-27,The Indispensable Calvin and Hobbes,110
1989-07-28,The Revenge of the Baby-Sat,105
1989-07-28,The Indispensable Calvin and Hobbes,110
1989-07-29,The Revenge of the Baby-Sat,105
1989-07-29,The Indispensable Calvin and Hobbes,110
1989-07-30,The Revenge of the Baby-Sat,110
1989-07-30,The Indispensable Calvin and Hobbes,115
1989-07-31,The Revenge of the Baby-Sat,107
1989-07-31,The Indispensable Calvin and Hobbes,112
1989-08-01,The Revenge of the Baby-Sat,107
1989-08-01,The Indispensable Calvin and Hobbes,112
1989-08-02,The Revenge of the Baby-Sat,107
1989-08-02,The Indispensable Calvin and Hobbes,112
1989-08-03,The Revenge of the Baby-Sat,109
1989-08-03,The Indispensable Calvin and Hobbes,114
1989-08-04,The Revenge of the Baby-Sat,109
1989-08-04,The Indispensable Calvin and Hobbes,114
1989-08-05,The Revenge of the Baby-Sat,109
1989-08-05,The Indispensable Calvin and Hobbes,114
1989-08-06,The Revenge of the Baby-Sat,113
1989-08-06,The Indispensable Calvin and Hobbes,118
1989-08-07,The Revenge of the Baby-Sat,111
1989-08-07,The Indispensable Calvin and Hobbes,116
1989-08-08,The Revenge of the Baby-Sat,111
1989-08-08,The Indispensable Calvin and Hobbes,116
1989-08-09,The Revenge of the Baby-Sat,111
1989-08-09,The Indispensable Calvin and Hobbes,116
1989-08-10,The Revenge of the Baby-Sat,112
1989-08-10,The Indispensable Calvin and Hobbes,117
1989-08-11,The Revenge of the Baby-Sat,112
1989-08-11,The Indispensable Calvin and Hobbes,117
1989-08-12,The Revenge of the Baby-Sat,112
1989-08-12,The Indispensable Calvin and Hobbes,117
1989-08-13,The Revenge of the Baby-Sat,115
1989-08-13,The Indispensable Calvin and Hobbes,120
1989-08-14,The Revenge of the Baby-Sat,114
1989-08-14,The Indispensable Calvin and Hobbes,119
1989-08-15,The Revenge of the Baby-Sat,114
1989-08-15,The Indispensable Calvin and Hobbes,119
1989-08-16,The Revenge of the Baby-Sat,114
1989-08-16,The Indispensable Calvin and Hobbes,119
1989-08-17,The Revenge of the Baby-Sat,116
1989-08-17,The Indispensable Calvin and Hobbes,121
1989-08-18,The Revenge of the Baby-Sat,116
1989-08-18,The Indispensable Calvin and Hobbes,121
1989-08-19,The Revenge of the Baby-Sat,116
1989-08-19,The Indispensable Calvin and Hobbes,121
1989-08-20,The Revenge of the Baby-Sat,117
1989-08-20,The Indispensable Calvin and Hobbes,122
1989-08-21,The Revenge of the Baby-Sat,118
1989-08-21,The Indispensable Calvin and Hobbes,123
1989-08-22,The Revenge of the Baby-Sat,118
1989-08-22,The Indispensable Calvin and Hobbes,123
1989-08-23,The Revenge of the Baby-Sat,118
1989-08-23,The Indispensable Calvin and Hobbes,123
1989-08-24,The Revenge of the Baby-Sat,120
1989-08-24,The Indispensable Calvin and Hobbes,125
1989-08-25,The Revenge of the Baby-Sat,120
1989-08-25,The Indispensable Calvin and Hobbes,125
1989-08-26,The Revenge of the Baby-Sat,120
1989-08-26,The Indispensable Calvin and Hobbes,125
1989-08-27,The Revenge of the Baby-Sat,119
1989-08-27,The Indispensable Calvin and Hobbes,124
1989-08-28,The Revenge of the Baby-Sat,121
1989-08-28,The Indispensable Calvin and Hobbes,126
1989-08-29,The Revenge of the Baby-Sat,121
1989-08-29,The Indispensable Calvin and Hobbes,126
1989-08-30,The Revenge of the Baby-Sat,121
1989-08-30,The Indispensable Calvin and Hobbes,126
1989-08-31,The Revenge of the Baby-Sat,122
1989-08-31,The Indispensable Calvin and Hobbes,127
1989-09-01,The Revenge of the Baby-Sat,122
1989-09-01,The Indispensable Calvin and Hobbes,127
1989-09-02,The Revenge of the Baby-Sat,122
1989-09-02,The Indispensable Calvin and Hobbes,127
1989-09-03,The Revenge of the Baby-Sat,125
1989-09-03,The Indispensable Calvin and Hobbes,130
1989-09-04,The Revenge of the Baby-Sat,123
1989-09-04,The Indispensable Calvin and Hobbes,128
1989-09-05,The Revenge of the Baby-Sat,123
1989-09-05,The Indispensable Calvin and Hobbes,128
1989-09-06,The Revenge of the Baby-Sat,123
1989-09-06,The Indispensable Calvin and Hobbes,128
1989-09-07,The Revenge of the Baby-Sat,124
1989-09-07,The Indispensable Calvin and Hobbes,129
1989-09-08,The Revenge of the Baby-Sat,124
1989-09-08,The Indispensable Calvin and Hobbes,129
1989-09-09,The Revenge of the Baby-Sat,124
1989-09-09,The Indispensable Calvin and Hobbes,129
1989-09-10,Calvin and Hobbes: Sunday Pages 1985-1995,46
1989-09-10,Calvin and Hobbes: Sunday Pages 1985-1995,47
1989-09-10,The Revenge of the Baby-Sat,127
1989-09-10,The Indispensable Calvin and Hobbes,132
1989-09-11,Scientific Progress Goes 'Boink',6
1989-09-11,The Indispensable Calvin and Hobbes,134
1989-09-12,Scientific Progress Goes 'Boink',6
1989-09-12,The Indispensable Calvin and Hobbes,134
1989-09-13,Scientific Progress Goes 'Boink',6
1989-09-13,The Indispensable Calvin and Hobbes,134
1989-09-14,Scientific Progress Goes 'Boink',7
1989-09-14,The Indispensable Calvin and Hobbes,135
1989-09-15,Scientific Progress Goes 'Boink',7
1989-09-15,The Indispensable Calvin and Hobbes,135
1989-09-16,Scientific Progress Goes 'Boink',7
1989-09-16,The Indispensable Calvin and Hobbes,135
1989-09-17,Scientific Progress Goes 'Boink',5
1989-09-17,The Indispensable Calvin and Hobbes,133
1989-09-18,Scientific Progress Goes 'Boink',8
1989-09-18,The Indispensable Calvin and Hobbes,136
1989-09-19,Scientific Progress Goes 'Boink',8
1989-09-19,The Indispensable Calvin and Hobbes,136
1989-09-20,Scientific Progress Goes 'Boink',8
1989-09-20,The Indispensable Calvin and Hobbes,136
1989-09-21,Scientific Progress Goes 'Boink',9
1989-09-21,The Indispensable Calvin and Hobbes,137
1989-09-22,Scientific Progress Goes 'Boink',9
1989-09-22,The Indispensable Calvin and Hobbes,137
1989-09-23,Scientific Progress Goes 'Boink',9
1989-09-23,The Indispensable Calvin and Hobbes,137
1989-09-24,Scientific Progress Goes 'Boink',10
1989-09-24,The Indispensable Calvin and Hobbes,138
1989-09-25,Scientific Progress Goes 'Boink',11
1989-09-25,The Indispensable Calvin and Hobbes,139
1989-09-26,Scientific Progress Goes 'Boink',11
1989-09-26,The Indispensable Calvin and Hobbes,139
1989-09-27,Scientific Progress Goes 'Boink',11
1989-09-27,The Indispensable Calvin and Hobbes,139
1989-09-28,Scientific Progress Goes 'Boink',12
1989-09-28,The Indispensable Calvin and Hobbes,140
1989-09-29,Scientific Progress Goes 'Boink',12
1989-09-29,The Indispensable Calvin and Hobbes,140
1989-09-30,Scientific Progress Goes 'Boink',12
1989-09-30,The Indispensable Calvin and Hobbes,140
1989-10-01,Scientific Progress Goes 'Boink',15
1989-10-01,The Indispensable Calvin and Hobbes,143
1989-10-02,Scientific Progress Goes 'Boink',13
1989-10-02,The Indispensable Calvin and Hobbes,141
1989-10-03,Scientific Progress Goes 'Boink',13
1989-10-03,The Indispensable Calvin and Hobbes,141
1989-10-04,Scientific Progress Goes 'Boink',13
1989-10-04,The Indispensable Calvin and Hobbes,141
1989-10-05,Scientific Progress Goes 'Boink',14
1989-10-05,The Indispensable Calvin and Hobbes,142
1989-10-06,Scientific Progress Goes 'Boink',14
1989-10-06,The Indispensable Calvin and Hobbes,142
1989-10-07,Scientific Progress Goes 'Boink',14
1989-10-07,The Indispensable Calvin and Hobbes,142
1989-10-08,Scientific Progress Goes 'Boink',16
1989-10-08,The Indispensable Calvin and Hobbes,144
1989-10-09,Scientific Progress Goes 'Boink',17
1989-10-09,The Indispensable Calvin and Hobbes,145
1989-10-10,Scientific Progress Goes 'Boink',17
1989-10-10,The Indispensable Calvin and Hobbes,145
1989-10-11,Scientific Progress Goes 'Boink',17
1989-10-11,The Indispensable Calvin and Hobbes,145
1989-10-12,Scientific Progress Goes 'Boink',18
1989-10-12,The Indispensable Calvin and Hobbes,146
1989-10-13,Scientific Progress Goes 'Boink',18
1989-10-13,The Indispensable Calvin and Hobbes,146
1989-10-14,Scientific Progress Goes 'Boink',18
1989-10-14,The Indispensable Calvin and Hobbes,146
1989-10-15,Scientific Progress Goes 'Boink',19
1989-10-15,The Indispensable Calvin and Hobbes,147
1989-10-16,The Revenge of the Baby-Sat,126
1989-10-16,The Indispensable Calvin and Hobbes,131
1989-10-17,The Revenge of the Baby-Sat,126
1989-10-17,The Indispensable Calvin and Hobbes,131
1989-10-18,The Revenge of the Baby-Sat,126
1989-10-18,The Indispensable Calvin and Hobbes,131
1989-10-19,Scientific Progress Goes 'Boink',20
1989-10-19,The Indispensable Calvin and Hobbes,148
1989-10-20,Scientific Progress Goes 'Boink',20
1989-10-20,The Indispensable Calvin and Hobbes,148
1989-10-21,Scientific Progress Goes 'Boink',20
1989-10-21,The Indispensable Calvin and Hobbes,148
1989-10-22,Scientific Progress Goes 'Boink',21
1989-10-22,The Indispensable Calvin and Hobbes,149
1989-10-23,Scientific Progress Goes 'Boink',22
1989-10-23,The Indispensable Calvin and Hobbes,150
1989-10-24,Scientific Progress Goes 'Boink',22
1989-10-24,The Indispensable Calvin and Hobbes,150
1989-10-25,Scientific Progress Goes 'Boink',22
1989-10-25,The Indispensable Calvin and Hobbes,150
1989-10-26,Scientific Progress Goes 'Boink',24
1989-10-26,The Indispensable Calvin and Hobbes,152
1989-10-27,Scientific Progress Goes 'Boink',24
1989-10-27,The Calvin and Hobbes Tenth Anniversary Book,95
1989-10-27,The Indispensable Calvin and Hobbes,152
1989-10-28,Scientific Progress Goes 'Boink',24
1989-10-28,The Calvin and Hobbes Tenth Anniversary Book,95
1989-10-28,The Indispensable Calvin and Hobbes,152
1989-10-29,Scientific Progress Goes 'Boink',23
1989-10-29,The Indispensable Calvin and Hobbes,151
1989-10-30,Scientific Progress Goes 'Boink',25
1989-10-30,The Calvin and Hobbes Tenth Anniversary Book,96
1989-10-30,The Indispensable Calvin and Hobbes,153
1989-10-31,Scientific Progress Goes 'Boink',25
1989-10-31,The Calvin and Hobbes Tenth Anniversary Book,96
1989-10-31,The Indispensable Calvin and Hobbes,153
1989-11-01,Scientific Progress Goes 'Boink',25
1989-11-01,The Calvin and Hobbes Tenth Anniversary Book,97
1989-11-01,The Indispensable Calvin and Hobbes,153
1989-11-02,Scientific Progress Goes 'Boink',26
1989-11-02,The Calvin and Hobbes Tenth Anniversary Book,97
1989-11-02,The Indispensable Calvin and Hobbes,154
1989-11-03,Scientific Progress Goes 'Boink',26
1989-11-03,The Calvin and Hobbes Tenth Anniversary Book,98
1989-11-03,The Indispensable Calvin and Hobbes,154
1989-11-04,Scientific Progress Goes 'Boink',26
1989-11-04,The Calvin and Hobbes Tenth Anniversary Book,98
1989-11-04,The Indispensable Calvin and Hobbes,154
1989-11-05,Scientific Progress Goes 'Boink',27
1989-11-05,The Indispensable Calvin and Hobbes,155
1989-11-06,Scientific Progress Goes 'Boink',29
1989-11-06,The Indispensable Calvin and Hobbes,157
1989-11-07,Scientific Progress Goes 'Boink',29
1989-11-07,The Indispensable Calvin and Hobbes,157
1989-11-08,Scientific Progress Goes 'Boink',29
1989-11-08,The Indispensable Calvin and Hobbes,157
1989-11-09,Scientific Progress Goes 'Boink',30
1989-11-09,The Indispensable Calvin and Hobbes,158
1989-11-10,The Calvin and Hobbes Tenth Anniversary Book,22
1989-11-10,Scientific Progress Goes 'Boink',30
1989-11-10,The Indispensable Calvin and Hobbes,158
1989-11-11,Scientific Progress Goes 'Boink',30
1989-11-11,The Indispensable Calvin and Hobbes,158
1989-11-12,Scientific Progress Goes 'Boink',28
1989-11-12,The Indispensable Calvin and Hobbes,156
1989-11-13,Scientific Progress Goes 'Boink',32
1989-11-13,The Indispensable Calvin and Hobbes,160
1989-11-14,Scientific Progress Goes 'Boink',32
1989-11-14,The Indispensable Calvin and Hobbes,160
1989-11-15,Scientific Progress Goes 'Boink',32
1989-11-15,The Indispensable Calvin and Hobbes,160
1989-11-16,Scientific Progress Goes 'Boink',33
1989-11-16,The Indispensable Calvin and Hobbes,161
1989-11-17,Scientific Progress Goes 'Boink',33
1989-11-17,The Indispensable Calvin and Hobbes,161
1989-11-18,Scientific Progress Goes 'Boink',33
1989-11-18,The Indispensable Calvin and Hobbes,161
1989-11-19,Scientific Progress Goes 'Boink',31
1989-11-19,The Indispensable Calvin and Hobbes,159
1989-11-20,Scientific Progress Goes 'Boink',34
1989-11-20,The Indispensable Calvin and Hobbes,162
1989-11-21,Scientific Progress Goes 'Boink',34
1989-11-21,The Indispensable Calvin and Hobbes,162
1989-11-22,Scientific Progress Goes 'Boink',34
1989-11-22,The Indispensable Calvin and Hobbes,162
1989-11-23,Scientific Progress Goes 'Boink',35
1989-11-23,The Indispensable Calvin and Hobbes,163
1989-11-24,Scientific Progress Goes 'Boink',35
1989-11-24,The Indispensable Calvin and Hobbes,163
1989-11-25,Scientific Progress Goes 'Boink',35
1989-11-25,The Indispensable Calvin and Hobbes,163
1989-11-26,Scientific Progress Goes 'Boink',38
1989-11-26,The Indispensable Calvin and Hobbes,166
1989-11-27,Scientific Progress Goes 'Boink',36
1989-11-27,The Calvin and Hobbes Tenth Anniversary Book,100
1989-11-27,The Indispensable Calvin and Hobbes,164
1989-11-28,Scientific Progress Goes 'Boink',36
1989-11-28,The Calvin and Hobbes Tenth Anniversary Book,100
1989-11-28,The Indispensable Calvin and Hobbes,164
1989-11-29,Scientific Progress Goes 'Boink',36
1989-11-29,The Calvin and Hobbes Tenth Anniversary Book,101
1989-11-29,The Indispensable Calvin and Hobbes,164
1989-11-30,Scientific Progress Goes 'Boink',37
1989-11-30,The Calvin and Hobbes Tenth Anniversary Book,101
1989-11-30,The Indispensable Calvin and Hobbes,165
1989-12-01,Scientific Progress Goes 'Boink',37
1989-12-01,The Indispensable Calvin and Hobbes,165
1989-12-02,Scientific Progress Goes 'Boink',37
1989-12-02,The Indispensable Calvin and Hobbes,165
1989-12-03,Scientific Progress Goes 'Boink',40
1989-12-03,The Indispensable Calvin and Hobbes,168
1989-12-04,Scientific Progress Goes 'Boink',39
1989-12-04,The Indispensable Calvin and Hobbes,167
1989-12-05,Scientific Progress Goes 'Boink',39
1989-12-05,The Indispensable Calvin and Hobbes,167
1989-12-06,Scientific Progress Goes 'Boink',39
1989-12-06,The Indispensable Calvin and Hobbes,167
1989-12-07,Scientific Progress Goes 'Boink',41
1989-12-07,The Indispensable Calvin and Hobbes,169
1989-12-08,Scientific Progress Goes 'Boink',41
1989-12-08,The Indispensable Calvin and Hobbes,169
1989-12-09,Scientific Progress Goes 'Boink',41
1989-12-09,The Indispensable Calvin and Hobbes,169
1989-12-10,Scientific Progress Goes 'Boink',42
1989-12-10,The Indispensable Calvin and Hobbes,170
1989-12-11,Scientific Progress Goes 'Boink',43
1989-12-11,The Indispensable Calvin and Hobbes,171
1989-12-12,Scientific Progress Goes 'Boink',43
1989-12-12,The Indispensable Calvin and Hobbes,171
1989-12-13,Scientific Progress Goes 'Boink',43
1989-12-13,The Indispensable Calvin and Hobbes,171
1989-12-14,Scientific Progress Goes 'Boink',44
1989-12-14,The Indispensable Calvin and Hobbes,172
1989-12-15,Scientific Progress Goes 'Boink',44
1989-12-15,The Indispensable Calvin and Hobbes,172
1989-12-16,Scientific Progress Goes 'Boink',44
1989-12-16,The Indispensable Calvin and Hobbes,172
1989-12-17,Scientific Progress Goes 'Boink',45
1989-12-17,The Indispensable Calvin and Hobbes,173
1989-12-18,Scientific Progress Goes 'Boink',46
1989-12-18,The Indispensable Calvin and Hobbes,174
1989-12-19,Scientific Progress Goes 'Boink',46
1989-12-19,The Calvin and Hobbes Tenth Anniversary Book,106
1989-12-19,The Indispensable Calvin and Hobbes,174
1989-12-20,Scientific Progress Goes 'Boink',46
1989-12-20,The Indispensable Calvin and Hobbes,174
1989-12-21,Scientific Progress Goes 'Boink',47
1989-12-21,The Indispensable Calvin and Hobbes,175
1989-12-22,Scientific Progress Goes 'Boink',47
1989-12-22,The Indispensable Calvin and Hobbes,175
1989-12-23,Scientific Progress Goes 'Boink',47
1989-12-23,The Indispensable Calvin and Hobbes,175
1989-12-24,Scientific Progress Goes 'Boink',48
1989-12-24,The Indispensable Calvin and Hobbes,176
1989-12-25,Scientific Progress Goes 'Boink',49
1989-12-25,The Indispensable Calvin and Hobbes,177
1989-12-26,Scientific Progress Goes 'Boink',49
1989-12-26,The Indispensable Calvin and Hobbes,177
1989-12-27,Scientific Progress Goes 'Boink',49
1989-12-27,The Indispensable Calvin and Hobbes,177
1989-12-28,Scientific Progress Goes 'Boink',50
1989-12-28,The Indispensable Calvin and Hobbes,178
1989-12-29,Scientific Progress Goes 'Boink',50
1989-12-29,The Indispensable Calvin and Hobbes,178
1989-12-30,Scientific Progress Goes 'Boink',50
1989-12-30,The Indispensable Calvin and Hobbes,178
1989-12-31,Scientific Progress Goes 'Boink',51
1989-12-31,The Indispensable Calvin and Hobbes,179
1990-01-01,Scientific Progress Goes 'Boink',52
1990-01-01,The Indispensable Calvin and Hobbes,180
1990-01-02,Scientific Progress Goes 'Boink',52
1990-01-02,The Indispensable Calvin and Hobbes,180
1990-01-03,Scientific Progress Goes 'Boink',52
1990-01-03,The Indispensable Calvin and Hobbes,180
1990-01-04,Scientific Progress Goes 'Boink',53
1990-01-04,The Indispensable Calvin and Hobbes,181
1990-01-05,Scientific Progress Goes 'Boink',53
1990-01-05,The Indispensable Calvin and Hobbes,181
1990-01-06,Scientific Progress Goes 'Boink',53
1990-01-06,The Indispensable Calvin and Hobbes,181
1990-01-07,Scientific Progress Goes 'Boink',54
1990-01-07,The Indispensable Calvin and Hobbes,182
1990-01-08,Scientific Progress Goes 'Boink',55
1990-01-08,The Calvin and Hobbes Tenth Anniversary Book,108
1990-01-08,The Indispensable Calvin and Hobbes,183
1990-01-09,Scientific Progress Goes 'Boink',55
1990-01-09,The Calvin and Hobbes Tenth Anniversary Book,108
1990-01-09,The Indispensable Calvin and Hobbes,183
1990-01-10,Scientific Progress Goes 'Boink',55
1990-01-10,The Calvin and Hobbes Tenth Anniversary Book,109
1990-01-10,The Indispensable Calvin and Hobbes,183
1990-01-11,Scientific Progress Goes 'Boink',56
1990-01-11,The Calvin and Hobbes Tenth Anniversary Book,109
1990-01-11,The Indispensable Calvin and Hobbes,184
1990-01-12,Scientific Progress Goes 'Boink',56
1990-01-12,The Calvin and Hobbes Tenth Anniversary Book,110
1990-01-12,The Indispensable Calvin and Hobbes,184
1990-01-13,Scientific Progress Goes 'Boink',56
1990-01-13,The Calvin and Hobbes Tenth Anniversary Book,110
1990-01-13,The Indispensable Calvin and Hobbes,184
1990-01-14,Scientific Progress Goes 'Boink',63
1990-01-14,The Indispensable Calvin and Hobbes,191
1990-01-15,Scientific Progress Goes 'Boink',57
1990-01-15,The Calvin and Hobbes Tenth Anniversary Book,111
1990-01-15,The Indispensable Calvin and Hobbes,185
1990-01-16,Scientific Progress Goes 'Boink',57
1990-01-16,The Calvin and Hobbes Tenth Anniversary Book,111
1990-01-16,The Indispensable Calvin and Hobbes,185
1990-01-17,Scientific Progress Goes 'Boink',57
1990-01-17,The Calvin and Hobbes Tenth Anniversary Book,112
1990-01-17,The Indispensable Calvin and Hobbes,185
1990-01-18,Scientific Progress Goes 'Boink',58
1990-01-18,The Calvin and Hobbes Tenth Anniversary Book,112
1990-01-18,The Indispensable Calvin and Hobbes,186
1990-01-19,Scientific Progress Goes 'Boink',58
1990-01-19,The Calvin and Hobbes Tenth Anniversary Book,113
1990-01-19,The Indispensable Calvin and Hobbes,186
1990-01-20,Scientific Progress Goes 'Boink',58
1990-01-20,The Calvin and Hobbes Tenth Anniversary Book,113
1990-01-20,The Indispensable Calvin and Hobbes,186
1990-01-21,Scientific Progress Goes 'Boink',64
1990-01-21,The Indispensable Calvin and Hobbes,192
1990-01-22,Scientific Progress Goes 'Boink',59
1990-01-22,The Calvin and Hobbes Tenth Anniversary Book,114
1990-01-22,The Indispensable Calvin and Hobbes,187
1990-01-23,Scientific Progress Goes 'Boink',59
1990-01-23,The Calvin and Hobbes Tenth Anniversary Book,114
1990-01-23,The Indispensable Calvin and Hobbes,187
1990-01-24,Scientific Progress Goes 'Boink',59
1990-01-24,The Calvin and Hobbes Tenth Anniversary Book,115
1990-01-24,The Indispensable Calvin and Hobbes,187
1990-01-25,Scientific Progress Goes 'Boink',60
1990-01-25,The Calvin and Hobbes Tenth Anniversary Book,115
1990-01-25,The Indispensable Calvin and Hobbes,188
1990-01-26,Scientific Progress Goes 'Boink',60
1990-01-26,The Calvin and Hobbes Tenth Anniversary Book,116
1990-01-26,The Indispensable Calvin and Hobbes,188
1990-01-27,Scientific Progress Goes 'Boink',60
1990-01-27,The Calvin and Hobbes Tenth Anniversary Book,116
1990-01-27,The Indispensable Calvin and Hobbes,188
1990-01-28,Scientific Progress Goes 'Boink',67
1990-01-28,The Indispensable Calvin and Hobbes,195
1990-01-29,Scientific Progress Goes 'Boink',61
1990-01-29,The Calvin and Hobbes Tenth Anniversary Book,117
1990-01-29,The Indispensable Calvin and Hobbes,189
1990-01-30,Scientific Progress Goes 'Boink',61
1990-01-30,The Calvin and Hobbes Tenth Anniversary Book,117
1990-01-30,The Indispensable Calvin and Hobbes,189
1990-01-31,Scientific Progress Goes 'Boink',61
1990-01-31,The Calvin and Hobbes Tenth Anniversary Book,118
1990-01-31,The Indispensable Calvin and Hobbes,189
1990-02-01,Scientific Progress Goes 'Boink',62
1990-02-01,The Calvin and Hobbes Tenth Anniversary Book,118
1990-02-01,The Indispensable Calvin and Hobbes,190
1990-02-02,Scientific Progress Goes 'Boink',62
1990-02-02,The Indispensable Calvin and Hobbes,190
1990-02-03,Scientific Progress Goes 'Boink',62
1990-02-03,The Indispensable Calvin and Hobbes,190
1990-02-04,Scientific Progress Goes 'Boink',68
1990-02-04,The Indispensable Calvin and Hobbes,196
1990-02-05,Scientific Progress Goes 'Boink',65
1990-02-05,The Indispensable Calvin and Hobbes,193
1990-02-06,Scientific Progress Goes 'Boink',65
1990-02-06,The Indispensable Calvin and Hobbes,193
1990-02-07,Scientific Progress Goes 'Boink',65
1990-02-07,The Indispensable Calvin and Hobbes,193
1990-02-08,Scientific Progress Goes 'Boink',66
1990-02-08,The Indispensable Calvin and Hobbes,194
1990-02-09,Scientific Progress Goes 'Boink',66
1990-02-09,The Indispensable Calvin and Hobbes,194
1990-02-10,Scientific Progress Goes 'Boink',66
1990-02-10,The Indispensable Calvin and Hobbes,194
1990-02-11,Scientific Progress Goes 'Boink',70
1990-02-11,The Indispensable Calvin and Hobbes,198
1990-02-12,Scientific Progress Goes 'Boink',69
1990-02-12,The Indispensable Calvin and Hobbes,197
1990-02-13,Scientific Progress Goes 'Boink',69
1990-02-13,The Indispensable Calvin and Hobbes,197
1990-02-14,Scientific Progress Goes 'Boink',69
1990-02-14,The Indispensable Calvin and Hobbes,197
1990-02-15,Scientific Progress Goes 'Boink',71
1990-02-15,The Indispensable Calvin and Hobbes,199
1990-02-16,Scientific Progress Goes 'Boink',71
1990-02-16,The Indispensable Calvin and Hobbes,199
1990-02-17,Scientific Progress Goes 'Boink',71
1990-02-17,The Indispensable Calvin and Hobbes,199
1990-02-18,Scientific Progress Goes 'Boink',72
1990-02-18,The Indispensable Calvin and Hobbes,200
1990-02-19,Scientific Progress Goes 'Boink',73
1990-02-19,The Indispensable Calvin and Hobbes,201
1990-02-20,Scientific Progress Goes 'Boink',73
1990-02-20,The Indispensable Calvin and Hobbes,201
1990-02-21,Scientific Progress Goes 'Boink',73
1990-02-21,The Calvin and Hobbes Tenth Anniversary Book,166
1990-02-21,The Indispensable Calvin and Hobbes,201
1990-02-22,Scientific Progress Goes 'Boink',74
1990-02-22,The Indispensable Calvin and Hobbes,202
1990-02-23,Scientific Progress Goes 'Boink',74
1990-02-23,The Indispensable Calvin and Hobbes,202
1990-02-24,Scientific Progress Goes 'Boink',74
1990-02-24,The Indispensable Calvin and Hobbes,202
1990-02-25,Scientific Progress Goes 'Boink',75
1990-02-25,The Indispensable Calvin and Hobbes,203
1990-02-26,Scientific Progress Goes 'Boink',76
1990-02-26,The Indispensable Calvin and Hobbes,204
1990-02-27,Scientific Progress Goes 'Boink',76
1990-02-27,The Indispensable Calvin and Hobbes,204
1990-02-28,Scientific Progress Goes 'Boink',76
1990-02-28,The Indispensable Calvin and Hobbes,204
1990-03-01,Scientific Progress Goes 'Boink',77
1990-03-01,The Indispensable Calvin and Hobbes,205
1990-03-02,Scientific Progress Goes 'Boink',77
1990-03-02,The Indispensable Calvin and Hobbes,205
1990-03-03,Scientific Progress Goes 'Boink',77
1990-03-03,The Indispensable Calvin and Hobbes,205
1990-03-04,Scientific Progress Goes 'Boink',78
1990-03-04,The Indispensable Calvin and Hobbes,206
1990-03-05,Scientific Progress Goes 'Boink',79
1990-03-05,The Indispensable Calvin and Hobbes,207
1990-03-06,Scientific Progress Goes 'Boink',79
1990-03-06,The Indispensable Calvin and Hobbes,207
1990-03-07,Scientific Progress Goes 'Boink',79
1990-03-07,The Indispensable Calvin and Hobbes,207
1990-03-08,Scientific Progress Goes 'Boink',80
1990-03-08,The Indispensable Calvin and Hobbes,208
1990-03-09,Scientific Progress Goes 'Boink',80
1990-03-09,The Indispensable Calvin and Hobbes,208
1990-03-10,Scientific Progress Goes 'Boink',80
1990-03-10,The Indispensable Calvin and Hobbes,208
1990-03-11,Scientific Progress Goes 'Boink',81
1990-03-11,The Indispensable Calvin and Hobbes,209
1990-03-12,Scientific Progress Goes 'Boink',82
1990-03-12,The Indispensable Calvin and Hobbes,210
1990-03-13,Scientific Progress Goes 'Boink',82
1990-03-13,The Calvin and Hobbes Tenth Anniversary Book,107
1990-03-13,The Indispensable Calvin and Hobbes,210
1990-03-14,Scientific Progress Goes 'Boink',82
1990-03-14,The Indispensable Calvin and Hobbes,210
1990-03-15,Scientific Progress Goes 'Boink',83
1990-03-15,The Indispensable Calvin and Hobbes,211
1990-03-16,Scientific Progress Goes 'Boink',83
1990-03-16,The Indispensable Calvin and Hobbes,211
1990-03-17,Scientific Progress Goes 'Boink',83
1990-03-17,The Indispensable Calvin and Hobbes,211
1990-03-18,Scientific Progress Goes 'Boink',84
1990-03-18,The Indispensable Calvin and Hobbes,212
1990-03-19,Scientific Progress Goes 'Boink',85
1990-03-19,The Indispensable Calvin and Hobbes,213
1990-03-20,Scientific Progress Goes 'Boink',85
1990-03-20,The Indispensable Calvin and Hobbes,213
1990-03-21,Scientific Progress Goes 'Boink',85
1990-03-21,The Indispensable Calvin and Hobbes,213
1990-03-22,Scientific Progress Goes 'Boink',86
1990-03-22,The Indispensable Calvin and Hobbes,214
1990-03-23,Scientific Progress Goes 'Boink',86
1990-03-23,The Indispensable Calvin and Hobbes,214
1990-03-24,Scientific Progress Goes 'Boink',86
1990-03-24,The Indispensable Calvin and Hobbes,214
1990-03-25,Scientific Progress Goes 'Boink',87
1990-03-25,The Indispensable Calvin and Hobbes,215
1990-03-26,Scientific Progress Goes 'Boink',88
1990-03-26,The Indispensable Calvin and Hobbes,216
1990-03-27,The Calvin and Hobbes Tenth Anniversary Book,85
1990-03-27,Scientific Progress Goes 'Boink',88
1990-03-27,The Indispensable Calvin and Hobbes,216
1990-03-28,The Calvin and Hobbes Tenth Anniversary Book,85
1990-03-28,Scientific Progress Goes 'Boink',88
1990-03-28,The Indispensable Calvin and Hobbes,216
1990-03-29,The Calvin and Hobbes Tenth Anniversary Book,86
1990-03-29,Scientific Progress Goes 'Boink',89
1990-03-29,The Indispensable Calvin and Hobbes,217
1990-03-30,The Calvin and Hobbes Tenth Anniversary Book,86
1990-03-30,Scientific Progress Goes 'Boink',89
1990-03-30,The Indispensable Calvin and Hobbes,217
1990-03-31,The Calvin and Hobbes Tenth Anniversary Book,87
1990-03-31,Scientific Progress Goes 'Boink',89
1990-03-31,The Indispensable Calvin and Hobbes,217
1990-04-01,Scientific Progress Goes 'Boink',93
1990-04-01,The Indispensable Calvin and Hobbes,221
1990-04-02,The Calvin and Hobbes Tenth Anniversary Book,87
1990-04-02,Scientific Progress Goes 'Boink',90
1990-04-02,The Indispensable Calvin and Hobbes,218
1990-04-03,The Calvin and Hobbes Tenth Anniversary Book,88
1990-04-03,Scientific Progress Goes 'Boink',90
1990-04-03,The Indispensable Calvin and Hobbes,218
1990-04-04,The Calvin and Hobbes Tenth Anniversary Book,88
1990-04-04,Scientific Progress Goes 'Boink',90
1990-04-04,The Indispensable Calvin and Hobbes,218
1990-04-05,The Calvin and Hobbes Tenth Anniversary Book,89
1990-04-05,Scientific Progress Goes 'Boink',91
1990-04-05,The Indispensable Calvin and Hobbes,219
1990-04-06,The Calvin and Hobbes Tenth Anniversary Book,89
1990-04-06,Scientific Progress Goes 'Boink',91
1990-04-06,The Indispensable Calvin and Hobbes,219
1990-04-07,The Calvin and Hobbes Tenth Anniversary Book,90
1990-04-07,Scientific Progress Goes 'Boink',91
1990-04-07,The Indispensable Calvin and Hobbes,219
1990-04-08,Scientific Progress Goes 'Boink',95
1990-04-08,The Indispensable Calvin and Hobbes,223
1990-04-09,The Calvin and Hobbes Tenth Anniversary Book,90
1990-04-09,Scientific Progress Goes 'Boink',92
1990-04-09,The Indispensable Calvin and Hobbes,220
1990-04-10,The Calvin and Hobbes Tenth Anniversary Book,91
1990-04-10,Scientific Progress Goes 'Boink',92
1990-04-10,The Indispensable Calvin and Hobbes,220
1990-04-11,The Calvin and Hobbes Tenth Anniversary Book,91
1990-04-11,Scientific Progress Goes 'Boink',92
1990-04-11,The Indispensable Calvin and Hobbes,220
1990-04-12,Scientific Progress Goes 'Boink',94
1990-04-12,The Indispensable Calvin and Hobbes,222
1990-04-13,Scientific Progress Goes 'Boink',94
1990-04-13,The Indispensable Calvin and Hobbes,222
1990-04-14,Scientific Progress Goes 'Boink',94
1990-04-14,The Indispensable Calvin and Hobbes,222
1990-04-15,Scientific Progress Goes 'Boink',102
1990-04-15,The Calvin and Hobbes Tenth Anniversary Book,105
1990-04-15,The Indispensable Calvin and Hobbes,230
1990-04-16,Scientific Progress Goes 'Boink',96
1990-04-16,The Calvin and Hobbes Tenth Anniversary Book,120
1990-04-16,The Indispensable Calvin and Hobbes,224
1990-04-17,Scientific Progress Goes 'Boink',96
1990-04-17,The Calvin and Hobbes Tenth Anniversary Book,120
1990-04-17,The Indispensable Calvin and Hobbes,224
1990-04-18,Scientific Progress Goes 'Boink',96
1990-04-18,The Calvin and Hobbes Tenth Anniversary Book,121
1990-04-18,The Indispensable Calvin and Hobbes,224
1990-04-19,Scientific Progress Goes 'Boink',97
1990-04-19,The Calvin and Hobbes Tenth Anniversary Book,121
1990-04-19,The Indispensable Calvin and Hobbes,225
1990-04-20,Scientific Progress Goes 'Boink',97
1990-04-20,The Calvin and Hobbes Tenth Anniversary Book,122
1990-04-20,The Indispensable Calvin and Hobbes,225
1990-04-21,Scientific Progress Goes 'Boink',97
1990-04-21,The Calvin and Hobbes Tenth Anniversary Book,122
1990-04-21,The Indispensable Calvin and Hobbes,225
1990-04-22,Scientific Progress Goes 'Boink',104
1990-04-22,The Indispensable Calvin and Hobbes,232
1990-04-23,Scientific Progress Goes 'Boink',98
1990-04-23,The Calvin and Hobbes Tenth Anniversary Book,123
1990-04-23,The Indispensable Calvin and Hobbes,226
1990-04-24,Scientific Progress Goes 'Boink',98
1990-04-24,The Calvin and Hobbes Tenth Anniversary Book,123
1990-04-24,The Indispensable Calvin and Hobbes,226
1990-04-25,Scientific Progress Goes 'Boink',98
1990-04-25,The Calvin and Hobbes Tenth Anniversary Book,124
1990-04-25,The Indispensable Calvin and Hobbes,226
1990-04-26,Scientific Progress Goes 'Boink',99
1990-04-26,The Calvin and Hobbes Tenth Anniversary Book,124
1990-04-26,The Indispensable Calvin and Hobbes,227
1990-04-27,Scientific Progress Goes 'Boink',99
1990-04-27,The Calvin and Hobbes Tenth Anniversary Book,125
1990-04-27,The Indispensable Calvin and Hobbes,227
1990-04-28,Scientific Progress Goes 'Boink',99
1990-04-28,The Calvin and Hobbes Tenth Anniversary Book,125
1990-04-28,The Indispensable Calvin and Hobbes,227
1990-04-29,Scientific Progress Goes 'Boink',106
1990-04-29,The Indispensable Calvin and Hobbes,234
1990-04-30,Scientific Progress Goes 'Boink',100
1990-04-30,The Calvin and Hobbes Tenth Anniversary Book,126
1990-04-30,The Indispensable Calvin and Hobbes,228
1990-05-01,Scientific Progress Goes 'Boink',100
1990-05-01,The Calvin and Hobbes Tenth Anniversary Book,126
1990-05-01,The Indispensable Calvin and Hobbes,228
1990-05-02,Scientific Progress Goes 'Boink',100
1990-05-02,The Calvin and Hobbes Tenth Anniversary Book,127
1990-05-02,The Indispensable Calvin and Hobbes,228
1990-05-03,Scientific Progress Goes 'Boink',101
1990-05-03,The Calvin and Hobbes Tenth Anniversary Book,127
1990-05-03,The Indispensable Calvin and Hobbes,229
1990-05-04,Scientific Progress Goes 'Boink',101
1990-05-04,The Calvin and Hobbes Tenth Anniversary Book,128
1990-05-04,The Indispensable Calvin and Hobbes,229
1990-05-05,Scientific Progress Goes 'Boink',101
1990-05-05,The Calvin and Hobbes Tenth Anniversary Book,128
1990-05-05,The Indispensable Calvin and Hobbes,229
1990-05-06,Scientific Progress Goes 'Boink',108
1990-05-06,The Calvin and Hobbes Tenth Anniversary Book,131
1990-05-06,The Indispensable Calvin and Hobbes,236
1990-05-07,Scientific Progress Goes 'Boink',103
1990-05-07,The Indispensable Calvin and Hobbes,231
1990-05-08,Scientific Progress Goes 'Boink',103
1990-05-08,The Indispensable Calvin and Hobbes,231
1990-05-09,Scientific Progress Goes 'Boink',103
1990-05-09,The Indispensable Calvin and Hobbes,231
1990-05-10,Scientific Progress Goes 'Boink',105
1990-05-10,The Indispensable Calvin and Hobbes,233
1990-05-11,Scientific Progress Goes 'Boink',105
1990-05-11,The Indispensable Calvin and Hobbes,233
1990-05-12,Scientific Progress Goes 'Boink',105
1990-05-12,The Indispensable Calvin and Hobbes,233
1990-05-13,Calvin and Hobbes: Sunday Pages 1985-1995,48
1990-05-13,Calvin and Hobbes: Sunday Pages 1985-1995,49
1990-05-13,Scientific Progress Goes 'Boink',110
1990-05-13,The Indispensable Calvin and Hobbes,238
1990-05-14,Scientific Progress Goes 'Boink',107
1990-05-14,The Indispensable Calvin and Hobbes,235
1990-05-15,Scientific Progress Goes 'Boink',107
1990-05-15,The Indispensable Calvin and Hobbes,235
1990-05-16,Scientific Progress Goes 'Boink',107
1990-05-16,The Indispensable Calvin and Hobbes,235
1990-05-17,Scientific Progress Goes 'Boink',109
1990-05-17,The Indispensable Calvin and Hobbes,237
1990-05-18,Scientific Progress Goes 'Boink',109
1990-05-18,The Indispensable Calvin and Hobbes,237
1990-05-19,Scientific Progress Goes 'Boink',109
1990-05-19,The Indispensable Calvin and Hobbes,237
1990-05-20,Scientific Progress Goes 'Boink',114
1990-05-20,The Indispensable Calvin and Hobbes,242
1990-05-21,Scientific Progress Goes 'Boink',111
1990-05-21,The Indispensable Calvin and Hobbes,239
1990-05-22,Scientific Progress Goes 'Boink',111
1990-05-22,The Indispensable Calvin and Hobbes,239
1990-05-23,Scientific Progress Goes 'Boink',111
1990-05-23,The Indispensable Calvin and Hobbes,239
1990-05-24,Scientific Progress Goes 'Boink',112
1990-05-24,The Indispensable Calvin and Hobbes,240
1990-05-25,Scientific Progress Goes 'Boink',112
1990-05-25,The Indispensable Calvin and Hobbes,240
1990-05-26,Scientific Progress Goes 'Boink',112
1990-05-26,The Indispensable Calvin and Hobbes,240
1990-05-27,Scientific Progress Goes 'Boink',113
1990-05-27,The Calvin and Hobbes Tenth Anniversary Book,129
1990-05-27,The Indispensable Calvin and Hobbes,241
1990-05-28,Scientific Progress Goes 'Boink',115
1990-05-28,The Indispensable Calvin and Hobbes,243
1990-05-29,Scientific Progress Goes 'Boink',115
1990-05-29,The Indispensable Calvin and Hobbes,243
1990-05-30,Scientific Progress Goes 'Boink',115
1990-05-30,The Indispensable Calvin and Hobbes,243
1990-05-31,Scientific Progress Goes 'Boink',117
1990-05-31,The Indispensable Calvin and Hobbes,245
1990-06-01,Scientific Progress Goes 'Boink',117
1990-06-01,The Indispensable Calvin and Hobbes,245
1990-06-02,The Calvin and Hobbes Tenth Anniversary Book,107
1990-06-02,Scientific Progress Goes 'Boink',117
1990-06-02,The Indispensable Calvin and Hobbes,245
1990-06-03,Scientific Progress Goes 'Boink',116
1990-06-03,The Indispensable Calvin and Hobbes,244
1990-06-04,Scientific Progress Goes 'Boink',119
1990-06-04,The Indispensable Calvin and Hobbes,247
1990-06-05,Scientific Progress Goes 'Boink',119
1990-06-05,The Indispensable Calvin and Hobbes,247
1990-06-06,Scientific Progress Goes 'Boink',119
1990-06-06,The Indispensable Calvin and Hobbes,247
1990-06-07,Scientific Progress Goes 'Boink',121
1990-06-07,The Indispensable Calvin and Hobbes,249
1990-06-08,Scientific Progress Goes 'Boink',121
1990-06-08,The Indispensable Calvin and Hobbes,249
1990-06-09,Scientific Progress Goes 'Boink',121
1990-06-09,The Indispensable Calvin and Hobbes,249
1990-06-10,Scientific Progress Goes 'Boink',118
1990-06-10,The Indispensable Calvin and Hobbes,246
1990-06-11,Attack of the Deranged Mutant Killer Monster Snow Goons,5
1990-06-12,Attack of the Deranged Mutant Killer Monster Snow Goons,5
1990-06-13,Attack of the Deranged Mutant Killer Monster Snow Goons,5
1990-06-14,Attack of the Deranged Mutant Killer Monster Snow Goons,6
1990-06-15,Attack of the Deranged Mutant Killer Monster Snow Goons,6
1990-06-16,Attack of the Deranged Mutant Killer Monster Snow Goons,6
1990-06-17,Calvin and Hobbes: Sunday Pages 1985-1995,50
1990-06-17,Calvin and Hobbes: Sunday Pages 1985-1995,51
1990-06-17,The Calvin and Hobbes Tenth Anniversary Book,99
1990-06-17,Scientific Progress Goes 'Boink',120
1990-06-17,The Indispensable Calvin and Hobbes,248
1990-06-18,Attack of the Deranged Mutant Killer Monster Snow Goons,8
1990-06-19,Attack of the Deranged Mutant Killer Monster Snow Goons,8
1990-06-20,Attack of the Deranged Mutant Killer Monster Snow Goons,8
1990-06-21,Attack of the Deranged Mutant Killer Monster Snow Goons,9
1990-06-22,Attack of the Deranged Mutant Killer Monster Snow Goons,9
1990-06-23,Attack of the Deranged Mutant Killer Monster Snow Goons,9
1990-06-24,Scientific Progress Goes 'Boink',122
1990-06-24,The Indispensable Calvin and Hobbes,250
1990-06-25,Scientific Progress Goes 'Boink',123
1990-06-25,The Indispensable Calvin and Hobbes,251
1990-06-26,Scientific Progress Goes 'Boink',123
1990-06-26,The Indispensable Calvin and Hobbes,251
1990-06-27,Scientific Progress Goes 'Boink',123
1990-06-27,The Indispensable Calvin and Hobbes,251
1990-06-28,Scientific Progress Goes 'Boink',124
1990-06-28,The Indispensable Calvin and Hobbes,252
1990-06-29,Scientific Progress Goes 'Boink',124
1990-06-29,The Indispensable Calvin and Hobbes,252
1990-06-30,Scientific Progress Goes 'Boink',124
1990-06-30,The Indispensable Calvin and Hobbes,252
1990-07-01,Attack of the Deranged Mutant Killer Monster Snow Goons,7
1990-07-02,Scientific Progress Goes 'Boink',125
1990-07-02,The Indispensable Calvin and Hobbes,253
1990-07-03,Scientific Progress Goes 'Boink',125
1990-07-03,The Indispensable Calvin and Hobbes,253
1990-07-04,Scientific Progress Goes 'Boink',125
1990-07-04,The Indispensable Calvin and Hobbes,253
1990-07-05,Scientific Progress Goes 'Boink',126
1990-07-05,The Indispensable Calvin and Hobbes,254
1990-07-06,Scientific Progress Goes 'Boink',126
1990-07-06,The Indispensable Calvin and Hobbes,254
1990-07-07,Scientific Progress Goes 'Boink',126
1990-07-07,The Indispensable Calvin and Hobbes,254
1990-07-08,Attack of the Deranged Mutant Killer Monster Snow Goons,10
1990-07-09,Attack of the Deranged Mutant Killer Monster Snow Goons,11
1990-07-10,Attack of the Deranged Mutant Killer Monster Snow Goons,11
1990-07-11,Attack of the Deranged Mutant Killer Monster Snow Goons,11
1990-07-12,Attack of the Deranged Mutant Killer Monster Snow Goons,12
1990-07-13,Attack of the Deranged Mutant Killer Monster Snow Goons,12
1990-07-14,Attack of the Deranged Mutant Killer Monster Snow Goons,12
1990-07-15,Scientific Progress Goes 'Boink',127
1990-07-15,The Indispensable Calvin and Hobbes,255
1990-07-16,Attack of the Deranged Mutant Killer Monster Snow Goons,13
1990-07-17,Attack of the Deranged Mutant Killer Monster Snow Goons,13
1990-07-18,Attack of the Deranged Mutant Killer Monster Snow Goons,13
1990-07-19,Attack of the Deranged Mutant Killer Monster Snow Goons,14
1990-07-20,Attack of the Deranged Mutant Killer Monster Snow Goons,14
1990-07-21,Attack of the Deranged Mutant Killer Monster Snow Goons,14
1990-07-22,Attack of the Deranged Mutant Killer Monster Snow Goons,15
1990-07-23,Attack of the Deranged Mutant Killer Monster Snow Goons,16
1990-07-24,Attack of the Deranged Mutant Killer Monster Snow Goons,16
1990-07-25,Attack of the Deranged Mutant Killer Monster Snow Goons,16
1990-07-25,The Calvin and Hobbes Tenth Anniversary Book,106
1990-07-26,Attack of the Deranged Mutant Killer Monster Snow Goons,17
1990-07-27,Attack of the Deranged Mutant Killer Monster Snow Goons,17
1990-07-28,Attack of the Deranged Mutant Killer Monster Snow Goons,17
1990-07-29,Attack of the Deranged Mutant Killer Monster Snow Goons,18
1990-07-30,Attack of the Deranged Mutant Killer Monster Snow Goons,19
1990-07-31,Attack of the Deranged Mutant Killer Monster Snow Goons,19
1990-08-01,Attack of the Deranged Mutant Killer Monster Snow Goons,19
1990-08-02,Attack of the Deranged Mutant Killer Monster Snow Goons,20
1990-08-03,Attack of the Deranged Mutant Killer Monster Snow Goons,20
1990-08-04,Attack of the Deranged Mutant Killer Monster Snow Goons,20
1990-08-05,Attack of the Deranged Mutant Killer Monster Snow Goons,21
1990-08-06,Attack of the Deranged Mutant Killer Monster Snow Goons,22
1990-08-07,Attack of the Deranged Mutant Killer Monster Snow Goons,22
1990-08-08,Attack of the Deranged Mutant Killer Monster Snow Goons,22
1990-08-09,Attack of the Deranged Mutant Killer Monster Snow Goons,23
1990-08-10,Attack of the Deranged Mutant Killer Monster Snow Goons,23
1990-08-11,Attack of the Deranged Mutant Killer Monster Snow Goons,23
1990-08-12,Attack of the Deranged Mutant Killer Monster Snow Goons,24
1990-08-13,Attack of the Deranged Mutant Killer Monster Snow Goons,25
1990-08-14,Attack of the Deranged Mutant Killer Monster Snow Goons,25
1990-08-15,Attack of the Deranged Mutant Killer Monster Snow Goons,25
1990-08-15,The Calvin and Hobbes Tenth Anniversary Book,130
1990-08-16,Attack of the Deranged Mutant Killer Monster Snow Goons,26
1990-08-17,Attack of the Deranged Mutant Killer Monster Snow Goons,26
1990-08-18,Attack of the Deranged Mutant Killer Monster Snow Goons,26
1990-08-19,Attack of the Deranged Mutant Killer Monster Snow Goons,27
1990-08-20,Attack of the Deranged Mutant Killer Monster Snow Goons,28
1990-08-20,The Calvin and Hobbes Tenth Anniversary Book,136
1990-08-21,Attack of the Deranged Mutant Killer Monster Snow Goons,28
1990-08-21,The Calvin and Hobbes Tenth Anniversary Book,137
1990-08-22,Attack of the Deranged Mutant Killer Monster Snow Goons,28
1990-08-22,The Calvin and Hobbes Tenth Anniversary Book,137
1990-08-23,Attack of the Deranged Mutant Killer Monster Snow Goons,29
1990-08-23,The Calvin and Hobbes Tenth Anniversary Book,138
1990-08-24,Attack of the Deranged Mutant Killer Monster Snow Goons,29
1990-08-24,The Calvin and Hobbes Tenth Anniversary Book,138
1990-08-25,Attack of the Deranged Mutant Killer Monster Snow Goons,29
1990-08-25,The Calvin and Hobbes Tenth Anniversary Book,139
1990-08-26,Attack of the Deranged Mutant Killer Monster Snow Goons,34
1990-08-27,Attack of the Deranged Mutant Killer Monster Snow Goons,30
1990-08-27,The Calvin and Hobbes Tenth Anniversary Book,139
1990-08-28,Attack of the Deranged Mutant Killer Monster Snow Goons,30
1990-08-28,The Calvin and Hobbes Tenth Anniversary Book,140
1990-08-29,Attack of the Deranged Mutant Killer Monster Snow Goons,30
1990-08-29,The Calvin and Hobbes Tenth Anniversary Book,140
1990-08-30,Attack of the Deranged Mutant Killer Monster Snow Goons,31
1990-08-30,The Calvin and Hobbes Tenth Anniversary Book,141
1990-08-31,Attack of the Deranged Mutant Killer Monster Snow Goons,31
1990-08-31,The Calvin and Hobbes Tenth Anniversary Book,141
1990-09-01,Attack of the Deranged Mutant Killer Monster Snow Goons,31
1990-09-01,The Calvin and Hobbes Tenth Anniversary Book,142
1990-09-02,Attack of the Deranged Mutant Killer Monster Snow Goons,41
1990-09-03,Attack of the Deranged Mutant Killer Monster Snow Goons,32
1990-09-03,The Calvin and Hobbes Tenth Anniversary Book,142
1990-09-04,Attack of the Deranged Mutant Killer Monster Snow Goons,32
1990-09-04,The Calvin and Hobbes Tenth Anniversary Book,143
1990-09-05,Attack of the Deranged Mutant Killer Monster Snow Goons,32
1990-09-05,The Calvin and Hobbes Tenth Anniversary Book,143
1990-09-06,Attack of the Deranged Mutant Killer Monster Snow Goons,33
1990-09-06,The Calvin and Hobbes Tenth Anniversary Book,144
1990-09-07,Attack of the Deranged Mutant Killer Monster Snow Goons,33
1990-09-07,The Calvin and Hobbes Tenth Anniversary Book,144
1990-09-08,Attack of the Deranged Mutant Killer Monster Snow Goons,33
1990-09-08,The Calvin and Hobbes Tenth Anniversary Book,145
1990-09-09,Attack of the Deranged Mutant Killer Monster Snow Goons,42
1990-09-10,Attack of the Deranged Mutant Killer Monster Snow Goons,35
1990-09-11,Attack of the Deranged Mutant Killer Monster Snow Goons,35
1990-09-12,Attack of the Deranged Mutant Killer Monster Snow Goons,35
1990-09-13,Attack of the Deranged Mutant Killer Monster Snow Goons,36
1990-09-14,Attack of the Deranged Mutant Killer Monster Snow Goons,36
1990-09-15,Attack of the Deranged Mutant Killer Monster Snow Goons,36
1990-09-16,Attack of the Deranged Mutant Killer Monster Snow Goons,45
1990-09-16,Calvin and Hobbes: Sunday Pages 1985-1995,52
1990-09-16,Calvin and Hobbes: Sunday Pages 1985-1995,53
1990-09-16,The Calvin and Hobbes Tenth Anniversary Book,135
1990-09-17,Attack of the Deranged Mutant Killer Monster Snow Goons,37
1990-09-18,Attack of the Deranged Mutant Killer Monster Snow Goons,37
1990-09-19,Attack of the Deranged Mutant Killer Monster Snow Goons,37
1990-09-20,Attack of the Deranged Mutant Killer Monster Snow Goons,38
1990-09-21,Attack of the Deranged Mutant Killer Monster Snow Goons,38
1990-09-22,Attack of the Deranged Mutant Killer Monster Snow Goons,38
1990-09-23,Attack of the Deranged Mutant Killer Monster Snow Goons,46
1990-09-24,Attack of the Deranged Mutant Killer Monster Snow Goons,39
1990-09-25,Attack of the Deranged Mutant Killer Monster Snow Goons,39
1990-09-26,Attack of the Deranged Mutant Killer Monster Snow Goons,39
1990-09-27,Attack of the Deranged Mutant Killer Monster Snow Goons,40
1990-09-28,Attack of the Deranged Mutant Killer Monster Snow Goons,40
1990-09-29,Attack of the Deranged Mutant Killer Monster Snow Goons,40
1990-09-30,Attack of the Deranged Mutant Killer Monster Snow Goons,48
1990-10-01,Attack of the Deranged Mutant Killer Monster Snow Goons,43
1990-10-02,Attack of the Deranged Mutant Killer Monster Snow Goons,43
1990-10-03,Attack of the Deranged Mutant Killer Monster Snow Goons,43
1990-10-04,Attack of the Deranged Mutant Killer Monster Snow Goons,44
1990-10-05,Attack of the Deranged Mutant Killer Monster Snow Goons,44
1990-10-06,Attack of the Deranged Mutant Killer Monster Snow Goons,44
1990-10-07,Attack of the Deranged Mutant Killer Monster Snow Goons,50
1990-10-08,Attack of the Deranged Mutant Killer Monster Snow Goons,47
1990-10-09,Attack of the Deranged Mutant Killer Monster Snow Goons,47
1990-10-10,Attack of the Deranged Mutant Killer Monster Snow Goons,47
1990-10-10,The Calvin and Hobbes Tenth Anniversary Book,130
1990-10-11,Attack of the Deranged Mutant Killer Monster Snow Goons,49
1990-10-12,Attack of the Deranged Mutant Killer Monster Snow Goons,49
1990-10-13,Attack of the Deranged Mutant Killer Monster Snow Goons,49
1990-10-14,Attack of the Deranged Mutant Killer Monster Snow Goons,52
1990-10-15,Attack of the Deranged Mutant Killer Monster Snow Goons,51
1990-10-16,Attack of the Deranged Mutant Killer Monster Snow Goons,51
1990-10-17,Attack of the Deranged Mutant Killer Monster Snow Goons,51
1990-10-18,Attack of the Deranged Mutant Killer Monster Snow Goons,53
1990-10-19,Attack of the Deranged Mutant Killer Monster Snow Goons,53
1990-10-20,Attack of the Deranged Mutant Killer Monster Snow Goons,53
1990-10-20,The Calvin and Hobbes Tenth Anniversary Book,147
1990-10-21,Attack of the Deranged Mutant Killer Monster Snow Goons,54
1990-10-22,Attack of the Deranged Mutant Killer Monster Snow Goons,55
1990-10-23,Attack of the Deranged Mutant Killer Monster Snow Goons,55
1990-10-24,Attack of the Deranged Mutant Killer Monster Snow Goons,55
1990-10-25,Attack of the Deranged Mutant Killer Monster Snow Goons,56
1990-10-26,Attack of the Deranged Mutant Killer Monster Snow Goons,56
1990-10-27,Attack of the Deranged Mutant Killer Monster Snow Goons,56
1990-10-28,Attack of the Deranged Mutant Killer Monster Snow Goons,57
1990-10-29,Attack of the Deranged Mutant Killer Monster Snow Goons,58
1990-10-30,Attack of the Deranged Mutant Killer Monster Snow Goons,58
1990-10-31,Attack of the Deranged Mutant Killer Monster Snow Goons,58
1990-11-01,Attack of the Deranged Mutant Killer Monster Snow Goons,59
1990-11-02,Attack of the Deranged Mutant Killer Monster Snow Goons,59
1990-11-03,Attack of the Deranged Mutant Killer Monster Snow Goons,59
1990-11-04,Attack of the Deranged Mutant Killer Monster Snow Goons,60
1990-11-05,Attack of the Deranged Mutant Killer Monster Snow Goons,61
1990-11-06,Attack of the Deranged Mutant Killer Monster Snow Goons,61
1990-11-07,Attack of the Deranged Mutant Killer Monster Snow Goons,61
1990-11-08,Attack of the Deranged Mutant Killer Monster Snow Goons,62
1990-11-09,Attack of the Deranged Mutant Killer Monster Snow Goons,62
1990-11-10,Attack of the Deranged Mutant Killer Monster Snow Goons,62
1990-11-11,Attack of the Deranged Mutant Killer Monster Snow Goons,63
1990-11-11,The Calvin and Hobbes Tenth Anniversary Book,146
1990-11-12,Attack of the Deranged Mutant Killer Monster Snow Goons,64
1990-11-13,Attack of the Deranged Mutant Killer Monster Snow Goons,64
1990-11-14,Attack of the Deranged Mutant Killer Monster Snow Goons,64
1990-11-15,Attack of the Deranged Mutant Killer Monster Snow Goons,65
1990-11-16,Attack of the Deranged Mutant Killer Monster Snow Goons,65
1990-11-17,Attack of the Deranged Mutant Killer Monster Snow Goons,65
1990-11-18,Attack of the Deranged Mutant Killer Monster Snow Goons,67
1990-11-18,The Calvin and Hobbes Tenth Anniversary Book,160
1990-11-19,Attack of the Deranged Mutant Killer Monster Snow Goons,66
1990-11-20,Attack of the Deranged Mutant Killer Monster Snow Goons,66
1990-11-21,Attack of the Deranged Mutant Killer Monster Snow Goons,66
1990-11-22,Attack of the Deranged Mutant Killer Monster Snow Goons,68
1990-11-23,Attack of the Deranged Mutant Killer Monster Snow Goons,68
1990-11-24,Attack of the Deranged Mutant Killer Monster Snow Goons,68
1990-11-25,Attack of the Deranged Mutant Killer Monster Snow Goons,69
1990-11-26,Attack of the Deranged Mutant Killer Monster Snow Goons,70
1990-11-27,Attack of the Deranged Mutant Killer Monster Snow Goons,70
1990-11-27,The Calvin and Hobbes Tenth Anniversary Book,147
1990-11-28,Attack of the Deranged Mutant Killer Monster Snow Goons,70
1990-11-29,Attack of the Deranged Mutant Killer Monster Snow Goons,71
1990-11-30,Attack of the Deranged Mutant Killer Monster Snow Goons,71
1990-12-01,Attack of the Deranged Mutant Killer Monster Snow Goons,71
1990-12-02,Attack of the Deranged Mutant Killer Monster Snow Goons,72
1990-12-03,Attack of the Deranged Mutant Killer Monster Snow Goons,73
1990-12-04,Attack of the Deranged Mutant Killer Monster Snow Goons,73
1990-12-05,Attack of the Deranged Mutant Killer Monster Snow Goons,73
1990-12-06,Attack of the Deranged Mutant Killer Monster Snow Goons,74
1990-12-07,Attack of the Deranged Mutant Killer Monster Snow Goons,74
1990-12-08,Attack of the Deranged Mutant Killer Monster Snow Goons,74
1990-12-09,Attack of the Deranged Mutant Killer Monster Snow Goons,75
1990-12-10,Attack of the Deranged Mutant Killer Monster Snow Goons,77
1990-12-11,Attack of the Deranged Mutant Killer Monster Snow Goons,77
1990-12-12,Attack of the Deranged Mutant Killer Monster Snow Goons,77
1990-12-13,Attack of the Deranged Mutant Killer Monster Snow Goons,78
1990-12-14,Attack of the Deranged Mutant Killer Monster Snow Goons,78
1990-12-15,Attack of the Deranged Mutant Killer Monster Snow Goons,78
1990-12-16,Attack of the Deranged Mutant Killer Monster Snow Goons,76
1990-12-17,Attack of the Deranged Mutant Killer Monster Snow Goons,79
1990-12-18,Attack of the Deranged Mutant Killer Monster Snow Goons,79
1990-12-19,Attack of the Deranged Mutant Killer Monster Snow Goons,79
1990-12-20,Attack of the Deranged Mutant Killer Monster Snow Goons,80
1990-12-21,Attack of the Deranged Mutant Killer Monster Snow Goons,80
1990-12-22,Attack of the Deranged Mutant Killer Monster Snow Goons,80
1990-12-23,Attack of the Deranged Mutant Killer Monster Snow Goons,81
1990-12-24,Attack of the Deranged Mutant Killer Monster Snow Goons,82
1990-12-25,Attack of the Deranged Mutant Killer Monster Snow Goons,82
1990-12-26,Attack of the Deranged Mutant Killer Monster Snow Goons,82
1990-12-27,Attack of the Deranged Mutant Killer Monster Snow Goons,83
1990-12-28,Attack of the Deranged Mutant Killer Monster Snow Goons,83
1990-12-29,Attack of the Deranged Mutant Killer Monster Snow Goons,83
1990-12-30,Calvin and Hobbes: Sunday Pages 1985-1995,54
1990-12-30,Calvin and Hobbes: Sunday Pages 1985-1995,55
1990-12-30,Attack of the Deranged Mutant Killer Monster Snow Goons,84
1990-12-31,Attack of the Deranged Mutant Killer Monster Snow Goons,85
1991-01-01,Attack of the Deranged Mutant Killer Monster Snow Goons,85
1991-01-02,Attack of the Deranged Mutant Killer Monster Snow Goons,85
1991-01-03,Attack of the Deranged Mutant Killer Monster Snow Goons,86
1991-01-04,Attack of the Deranged Mutant Killer Monster Snow Goons,86
1991-01-05,Attack of the Deranged Mutant Killer Monster Snow Goons,86
1991-01-06,Attack of the Deranged Mutant Killer Monster Snow Goons,91
1991-01-07,Attack of the Deranged Mutant Killer Monster Snow Goons,87
1991-01-08,Attack of the Deranged Mutant Killer Monster Snow Goons,87
1991-01-09,Attack of the Deranged Mutant Killer Monster Snow Goons,87
1991-01-10,Attack of the Deranged Mutant Killer Monster Snow Goons,88
1991-01-11,Attack of the Deranged Mutant Killer Monster Snow Goons,88
1991-01-12,Attack of the Deranged Mutant Killer Monster Snow Goons,88
1991-01-13,Attack of the Deranged Mutant Killer Monster Snow Goons,93
1991-01-13,The Calvin and Hobbes Tenth Anniversary Book,149
1991-01-14,Attack of the Deranged Mutant Killer Monster Snow Goons,89
1991-01-15,Attack of the Deranged Mutant Killer Monster Snow Goons,89
1991-01-16,Attack of the Deranged Mutant Killer Monster Snow Goons,89
1991-01-17,Attack of the Deranged Mutant Killer Monster Snow Goons,90
1991-01-18,Attack of the Deranged Mutant Killer Monster Snow Goons,90
1991-01-19,Attack of the Deranged Mutant Killer Monster Snow Goons,90
1991-01-20,Attack of the Deranged Mutant Killer Monster Snow Goons,95
1991-01-21,Attack of the Deranged Mutant Killer Monster Snow Goons,92
1991-01-22,Attack of the Deranged Mutant Killer Monster Snow Goons,92
1991-01-23,Attack of the Deranged Mutant Killer Monster Snow Goons,92
1991-01-24,Attack of the Deranged Mutant Killer Monster Snow Goons,94
1991-01-25,Attack of the Deranged Mutant Killer Monster Snow Goons,94
1991-01-26,Attack of the Deranged Mutant Killer Monster Snow Goons,94
1991-01-27,Attack of the Deranged Mutant Killer Monster Snow Goons,98
1991-01-28,Attack of the Deranged Mutant Killer Monster Snow Goons,96
1991-01-29,Attack of the Deranged Mutant Killer Monster Snow Goons,96
1991-01-30,Attack of the Deranged Mutant Killer Monster Snow Goons,96
1991-01-31,Attack of the Deranged Mutant Killer Monster Snow Goons,97
1991-02-01,Attack of the Deranged Mutant Killer Monster Snow Goons,97
1991-02-02,Attack of the Deranged Mutant Killer Monster Snow Goons,97
1991-02-03,Calvin and Hobbes: Sunday Pages 1985-1995,56
1991-02-03,Calvin and Hobbes: Sunday Pages 1985-1995,57
1991-02-03,Attack of the Deranged Mutant Killer Monster Snow Goons,100
1991-02-03,The Calvin and Hobbes Tenth Anniversary Book,148
1991-02-04,Attack of the Deranged Mutant Killer Monster Snow Goons,99
1991-02-05,Attack of the Deranged Mutant Killer Monster Snow Goons,99
1991-02-06,Attack of the Deranged Mutant Killer Monster Snow Goons,99
1991-02-07,Attack of the Deranged Mutant Killer Monster Snow Goons,101
1991-02-08,Attack of the Deranged Mutant Killer Monster Snow Goons,101
1991-02-09,Attack of the Deranged Mutant Killer Monster Snow Goons,101
1991-02-10,Attack of the Deranged Mutant Killer Monster Snow Goons,102
1991-02-11,Attack of the Deranged Mutant Killer Monster Snow Goons,103
1991-02-12,Attack of the Deranged Mutant Killer Monster Snow Goons,103
1991-02-13,Attack of the Deranged Mutant Killer Monster Snow Goons,103
1991-02-14,Attack of the Deranged Mutant Killer Monster Snow Goons,104
1991-02-15,Attack of the Deranged Mutant Killer Monster Snow Goons,104
1991-02-16,Attack of the Deranged Mutant Killer Monster Snow Goons,104
1991-02-17,Attack of the Deranged Mutant Killer Monster Snow Goons,105
1991-02-18,Attack of the Deranged Mutant Killer Monster Snow Goons,106
1991-02-19,Attack of the Deranged Mutant Killer Monster Snow Goons,106
1991-02-20,Attack of the Deranged Mutant Killer Monster Snow Goons,106
1991-02-21,Attack of the Deranged Mutant Killer Monster Snow Goons,108
1991-02-22,Attack of the Deranged Mutant Killer Monster Snow Goons,108
1991-02-23,Attack of the Deranged Mutant Killer Monster Snow Goons,108
1991-02-24,Attack of the Deranged Mutant Killer Monster Snow Goons,107
1991-02-25,Attack of the Deranged Mutant Killer Monster Snow Goons,110
1991-02-25,The Calvin and Hobbes Tenth Anniversary Book,132
1991-02-26,Attack of the Deranged Mutant Killer Monster Snow Goons,110
1991-02-26,The Calvin and Hobbes Tenth Anniversary Book,132
1991-02-27,Attack of the Deranged Mutant Killer Monster Snow Goons,110
1991-02-27,The Calvin and Hobbes Tenth Anniversary Book,133
1991-02-28,Attack of the Deranged Mutant Killer Monster Snow Goons,111
1991-02-28,The Calvin and Hobbes Tenth Anniversary Book,133
1991-03-01,Attack of the Deranged Mutant Killer Monster Snow Goons,111
1991-03-01,The Calvin and Hobbes Tenth Anniversary Book,134
1991-03-02,Attack of the Deranged Mutant Killer Monster Snow Goons,111
1991-03-02,The Calvin and Hobbes Tenth Anniversary Book,134
1991-03-03,Attack of the Deranged Mutant Killer Monster Snow Goons,109
1991-03-04,Attack of the Deranged Mutant Killer Monster Snow Goons,112
1991-03-05,Attack of the Deranged Mutant Killer Monster Snow Goons,112
1991-03-06,Attack of the Deranged Mutant Killer Monster Snow Goons,112
1991-03-07,Attack of the Deranged Mutant Killer Monster Snow Goons,113
1991-03-08,Attack of the Deranged Mutant Killer Monster Snow Goons,113
1991-03-09,Attack of the Deranged Mutant Killer Monster Snow Goons,113
1991-03-10,Attack of the Deranged Mutant Killer Monster Snow Goons,114
1991-03-11,Attack of the Deranged Mutant Killer Monster Snow Goons,115
1991-03-12,Attack of the Deranged Mutant Killer Monster Snow Goons,115
1991-03-13,Attack of the Deranged Mutant Killer Monster Snow Goons,115
1991-03-14,Attack of the Deranged Mutant Killer Monster Snow Goons,116
1991-03-15,Attack of the Deranged Mutant Killer Monster Snow Goons,116
1991-03-16,Attack of the Deranged Mutant Killer Monster Snow Goons,116
1991-03-17,Attack of the Deranged Mutant Killer Monster Snow Goons,117
1991-03-18,Attack of the Deranged Mutant Killer Monster Snow Goons,118
1991-03-18,The Calvin and Hobbes Tenth Anniversary Book,152
1991-03-19,Attack of the Deranged Mutant Killer Monster Snow Goons,118
1991-03-19,The Calvin and Hobbes Tenth Anniversary Book,153
1991-03-20,Attack of the Deranged Mutant Killer Monster Snow Goons,118
1991-03-20,The Calvin and Hobbes Tenth Anniversary Book,153
1991-03-21,Attack of the Deranged Mutant Killer Monster Snow Goons,119
1991-03-21,The Calvin and Hobbes Tenth Anniversary Book,154
1991-03-22,Attack of the Deranged Mutant Killer Monster Snow Goons,119
1991-03-22,The Calvin and Hobbes Tenth Anniversary Book,154
1991-03-23,Attack of the Deranged Mutant Killer Monster Snow Goons,119
1991-03-23,The Calvin and Hobbes Tenth Anniversary Book,155
1991-03-24,Attack of the Deranged Mutant Killer Monster Snow Goons,123
1991-03-25,Attack of the Deranged Mutant Killer Monster Snow Goons,120
1991-03-25,The Calvin and Hobbes Tenth Anniversary Book,155
1991-03-26,Attack of the Deranged Mutant Killer Monster Snow Goons,120
1991-03-26,The Calvin and Hobbes Tenth Anniversary Book,156
1991-03-27,Attack of the Deranged Mutant Killer Monster Snow Goons,120
1991-03-27,The Calvin and Hobbes Tenth Anniversary Book,156
1991-03-28,Attack of the Deranged Mutant Killer Monster Snow Goons,121
1991-03-28,The Calvin and Hobbes Tenth Anniversary Book,157
1991-03-29,Attack of the Deranged Mutant Killer Monster Snow Goons,121
1991-03-29,The Calvin and Hobbes Tenth Anniversary Book,157
1991-03-30,Attack of the Deranged Mutant Killer Monster Snow Goons,121
1991-03-30,The Calvin and Hobbes Tenth Anniversary Book,158
1991-03-31,Attack of the Deranged Mutant Killer Monster Snow Goons,125
1991-04-01,Attack of the Deranged Mutant Killer Monster Snow Goons,122
1991-04-01,The Calvin and Hobbes Tenth Anniversary Book,158
1991-04-02,Attack of the Deranged Mutant Killer Monster Snow Goons,122
1991-04-02,The Calvin and Hobbes Tenth Anniversary Book,159
1991-04-03,Attack of the Deranged Mutant Killer Monster Snow Goons,122
1991-04-03,The Calvin and Hobbes Tenth Anniversary Book,159
1991-04-04,Attack of the Deranged Mutant Killer Monster Snow Goons,124
1991-04-05,Attack of the Deranged Mutant Killer Monster Snow Goons,124
1991-04-06,Attack of the Deranged Mutant Killer Monster Snow Goons,124
1991-04-07,Attack of the Deranged Mutant Killer Monster Snow Goons,127
1991-04-07,The Calvin and Hobbes Tenth Anniversary Book,151
1991-04-08,Attack of the Deranged Mutant Killer Monster Snow Goons,126
1991-04-09,Attack of the Deranged Mutant Killer Monster Snow Goons,126
1991-04-10,Attack of the Deranged Mutant Killer Monster Snow Goons,126
1991-04-11,The Days are Just Packed,5
1991-04-12,The Days are Just Packed,5
1991-04-13,The Days are Just Packed,6
1991-04-14,The Days are Just Packed,7
1991-04-15,The Days are Just Packed,6
1991-04-16,The Days are Just Packed,8
1991-04-17,The Days are Just Packed,8
1991-04-18,The Days are Just Packed,9
1991-04-19,The Days are Just Packed,9
1991-04-20,The Days are Just Packed,12
1991-04-21,The Days are Just Packed,10
1991-04-22,The Days are Just Packed,12
1991-04-23,The Days are Just Packed,13
1991-04-24,The Days are Just Packed,13
1991-04-25,The Days are Just Packed,14
1991-04-26,The Days are Just Packed,14
1991-04-27,The Days are Just Packed,15
1991-04-28,The Days are Just Packed,17
1991-04-29,The Days are Just Packed,15
1991-04-30,The Days are Just Packed,16
1991-05-01,The Days are Just Packed,16
1991-05-02,The Days are Just Packed,11
1991-05-03,The Days are Just Packed,18
1991-05-04,The Days are Just Packed,11
1992-02-02,The Days are Just Packed,19
1992-02-03,The Days are Just Packed,18
1992-02-04,The Days are Just Packed,20
1992-02-05,The Days are Just Packed,20
1992-02-05,The Calvin and Hobbes Tenth Anniversary Book,165
1992-02-06,The Days are Just Packed,21
1992-02-07,The Days are Just Packed,21
1992-02-08,The Days are Just Packed,22
1992-02-09,The Days are Just Packed,24
1992-02-09,The Calvin and Hobbes Tenth Anniversary Book,162
1992-02-10,The Days are Just Packed,22
1992-02-11,The Days are Just Packed,23
1992-02-12,The Days are Just Packed,23
1992-02-13,The Days are Just Packed,25
1992-02-14,The Days are Just Packed,25
1992-02-15,The Days are Just Packed,26
1992-02-16,The Days are Just Packed,27
1992-02-17,The Days are Just Packed,26
1992-02-18,The Days are Just Packed,28
1992-02-19,The Days are Just Packed,28
1992-02-19,The Calvin and Hobbes Tenth Anniversary Book,166
1992-02-20,The Days are Just Packed,29
1992-02-21,The Days are Just Packed,29
1992-02-22,The Days are Just Packed,30
1992-02-23,The Days are Just Packed,31
1992-02-24,The Days are Just Packed,30
1992-02-25,The Days are Just Packed,32
1992-02-26,The Days are Just Packed,32
1992-02-27,The Days are Just Packed,33
1992-02-28,The Days are Just Packed,33
1992-02-29,The Days are Just Packed,34
1992-03-01,The Days are Just Packed,35
1992-03-02,The Days are Just Packed,34
1992-03-03,The Days are Just Packed,36
1992-03-04,The Days are Just Packed,36
1992-03-05,The Days are Just Packed,37
1992-03-06,The Days are Just Packed,37
1992-03-07,The Days are Just Packed,38
1992-03-08,The Days are Just Packed,39
1992-03-09,The Days are Just Packed,38
1992-03-10,The Days are Just Packed,40
1992-03-11,The Days are Just Packed,40
1992-03-12,The Days are Just Packed,41
1992-03-13,The Calvin and Hobbes Tenth Anniversary Book,21
1992-03-13,The Days are Just Packed,41
1992-03-14,The Days are Just Packed,42
1992-03-15,The Days are Just Packed,43
1992-03-16,The Days are Just Packed,42
1992-03-17,The Days are Just Packed,46
1992-03-18,The Days are Just Packed,46
1992-03-19,The Days are Just Packed,44
1992-03-20,The Days are Just Packed,44
1992-03-21,The Days are Just Packed,45
1992-03-22,The Days are Just Packed,47
1992-03-22,The Calvin and Hobbes Tenth Anniversary Book,168
1992-03-23,The Days are Just Packed,45
1992-03-24,The Days are Just Packed,48
1992-03-25,The Days are Just Packed,48
1992-03-26,The Days are Just Packed,49
1992-03-27,The Days are Just Packed,49
1992-03-28,The Days are Just Packed,51
1992-03-29,The Days are Just Packed,50
1992-03-30,The Calvin and Hobbes Tenth Anniversary Book,25
1992-03-30,The Days are Just Packed,51
1992-03-31,The Days are Just Packed,52
1992-04-01,The Days are Just Packed,52
1992-04-02,The Days are Just Packed,53
1992-04-03,The Days are Just Packed,53
1992-04-04,The Days are Just Packed,54
1992-04-05,The Days are Just Packed,55
1992-04-06,The Days are Just Packed,54
1992-04-06,The Calvin and Hobbes Tenth Anniversary Book,161
1992-04-07,The Days are Just Packed,56
1992-04-08,The Days are Just Packed,56
1992-04-09,The Days are Just Packed,57
1992-04-10,The Days are Just Packed,57
1992-04-11,The Days are Just Packed,59
1992-04-12,The Days are Just Packed,58
1992-04-13,The Days are Just Packed,60
1992-04-14,The Days are Just Packed,60
1992-04-15,The Days are Just Packed,61
1992-04-16,The Days are Just Packed,61
1992-04-17,The Days are Just Packed,62
1992-04-18,The Days are Just Packed,62
1992-04-19,Calvin and Hobbes: Sunday Pages 1985-1995,58
1992-04-19,Calvin and Hobbes: Sunday Pages 1985-1995,59
1992-04-19,The Days are Just Packed,66
1992-04-20,The Days are Just Packed,63
1992-04-21,The Days are Just Packed,63
1992-04-22,The Days are Just Packed,64
1992-04-23,The Days are Just Packed,64
1992-04-24,The Days are Just Packed,65
1992-04-25,The Days are Just Packed,65
1992-04-26,The Days are Just Packed,68
1992-04-27,The Days are Just Packed,59
1992-04-28,The Days are Just Packed,67
1992-04-29,The Days are Just Packed,67
1992-04-30,The Days are Just Packed,69
1992-05-01,The Days are Just Packed,69
1992-05-01,The Calvin and Hobbes Tenth Anniversary Book,163
1992-05-02,The Days are Just Packed,70
1992-05-03,The Days are Just Packed,73
1992-05-04,The Days are Just Packed,70
1992-05-05,The Days are Just Packed,71
1992-05-06,The Days are Just Packed,71
1992-05-07,The Days are Just Packed,72
1992-05-07,The Calvin and Hobbes Tenth Anniversary Book,174
1992-05-08,The Days are Just Packed,72
1992-05-09,The Days are Just Packed,75
1992-05-10,The Days are Just Packed,74
1992-05-11,The Days are Just Packed,75
1992-05-12,The Days are Just Packed,76
1992-05-13,The Days are Just Packed,76
1992-05-14,The Days are Just Packed,77
1992-05-15,The Days are Just Packed,77
1992-05-16,The Days are Just Packed,78
1992-05-17,The Days are Just Packed,79
1992-05-18,The Days are Just Packed,78
1992-05-18,The Calvin and Hobbes Tenth Anniversary Book,163
1992-05-19,The Days are Just Packed,81
1992-05-20,The Days are Just Packed,82
1992-05-21,The Calvin and Hobbes Tenth Anniversary Book,19
1992-05-21,The Days are Just Packed,82
1992-05-22,The Days are Just Packed,83
1992-05-23,The Days are Just Packed,83
1992-05-24,Calvin and Hobbes: Sunday Pages 1985-1995,60
1992-05-24,Calvin and Hobbes: Sunday Pages 1985-1995,61
1992-05-24,The Days are Just Packed,80
1992-05-25,The Days are Just Packed,84
1992-05-26,The Days are Just Packed,84
1992-05-27,The Days are Just Packed,85
1992-05-28,The Days are Just Packed,85
1992-05-29,The Days are Just Packed,86
1992-05-30,The Days are Just Packed,86
1992-05-31,The Days are Just Packed,90
1992-06-01,The Days are Just Packed,87
1992-06-02,The Days are Just Packed,87
1992-06-03,The Days are Just Packed,88
1992-06-04,The Days are Just Packed,88
1992-06-05,The Days are Just Packed,89
1992-06-06,The Days are Just Packed,89
1992-06-07,The Days are Just Packed,94
1992-06-08,The Days are Just Packed,81
1992-06-09,The Days are Just Packed,91
1992-06-10,The Days are Just Packed,91
1992-06-11,The Days are Just Packed,95
1992-06-12,The Days are Just Packed,95
1992-06-13,The Days are Just Packed,92
1992-06-14,The Days are Just Packed,97
1992-06-15,The Days are Just Packed,92
1992-06-16,The Days are Just Packed,93
1992-06-17,The Days are Just Packed,93
1992-06-18,The Days are Just Packed,96
1992-06-19,The Days are Just Packed,96
1992-06-20,The Days are Just Packed,103
1992-06-21,The Days are Just Packed,101
1992-06-22,The Days are Just Packed,98
1992-06-23,The Days are Just Packed,98
1992-06-24,The Days are Just Packed,99
1992-06-25,The Days are Just Packed,99
1992-06-26,The Days are Just Packed,100
1992-06-27,The Days are Just Packed,100
1992-06-28,The Days are Just Packed,102
1992-06-29,The Days are Just Packed,103
1992-06-30,The Days are Just Packed,104
1992-07-01,The Days are Just Packed,104
1992-07-02,The Days are Just Packed,105
1992-07-03,The Days are Just Packed,105
1992-07-04,The Days are Just Packed,106
1992-07-05,The Days are Just Packed,109
1992-07-06,The Days are Just Packed,106
1992-07-07,The Days are Just Packed,107
1992-07-08,The Days are Just Packed,107
1992-07-09,The Days are Just Packed,108
1992-07-10,The Days are Just Packed,108
1992-07-11,The Days are Just Packed,110
1992-07-12,The Days are Just Packed,112
1992-07-13,The Days are Just Packed,110
1992-07-14,The Days are Just Packed,111
1992-07-15,The Days are Just Packed,111
1992-07-16,The Days are Just Packed,113
1992-07-17,The Days are Just Packed,113
1992-07-18,The Days are Just Packed,114
1992-07-18,The Calvin and Hobbes Tenth Anniversary Book,171
1992-07-19,The Days are Just Packed,117
1992-07-20,The Days are Just Packed,114
1992-07-21,The Days are Just Packed,115
1992-07-22,The Days are Just Packed,115
1992-07-22,The Calvin and Hobbes Tenth Anniversary Book,171
1992-07-23,The Days are Just Packed,116
1992-07-24,The Days are Just Packed,3
1992-07-25,The Days are Just Packed,116
1992-07-26,The Days are Just Packed,118
1992-07-27,The Days are Just Packed,121
1992-07-28,The Days are Just Packed,121
1992-07-29,The Days are Just Packed,119
1992-07-30,The Days are Just Packed,119
1992-07-31,The Days are Just Packed,120
1992-07-31,The Calvin and Hobbes Tenth Anniversary Book,172
1992-08-01,The Days are Just Packed,120
1992-08-02,The Days are Just Packed,123
1992-08-02,The Calvin and Hobbes Tenth Anniversary Book,173
1992-08-03,The Days are Just Packed,122
1992-08-04,The Days are Just Packed,122
1992-08-05,The Days are Just Packed,124
1992-08-06,The Days are Just Packed,124
1992-08-07,The Days are Just Packed,125
1992-08-07,The Calvin and Hobbes Tenth Anniversary Book,164
1992-08-08,The Days are Just Packed,125
1992-08-09,The Days are Just Packed,127
1992-08-09,The Calvin and Hobbes Tenth Anniversary Book,170
1992-08-10,The Days are Just Packed,126
1992-08-11,The Days are Just Packed,126
1992-08-12,The Days are Just Packed,128
1992-08-13,The Days are Just Packed,128
1992-08-14,The Days are Just Packed,129
1992-08-15,The Days are Just Packed,129
1992-08-16,The Days are Just Packed,130
1992-08-17,The Days are Just Packed,132
1992-08-18,The Days are Just Packed,132
1992-08-19,The Days are Just Packed,133
1992-08-19,The Calvin and Hobbes Tenth Anniversary Book,169
1992-08-20,The Days are Just Packed,133
1992-08-21,The Days are Just Packed,134
1992-08-22,The Days are Just Packed,134
1992-08-22,The Calvin and Hobbes Tenth Anniversary Book,169
1992-08-23,The Days are Just Packed,135
1992-08-24,The Days are Just Packed,131
1992-08-25,The Days are Just Packed,131
1992-08-26,The Days are Just Packed,136
1992-08-27,The Calvin and Hobbes Tenth Anniversary Book,10
1992-08-27,The Days are Just Packed,136
1992-08-28,The Days are Just Packed,137
1992-08-28,The Calvin and Hobbes Tenth Anniversary Book,200
1992-08-29,The Days are Just Packed,137
1992-08-29,The Calvin and Hobbes Tenth Anniversary Book,194
1992-08-30,The Days are Just Packed,138
1992-08-31,The Days are Just Packed,139
1992-09-01,The Days are Just Packed,139
1992-09-02,The Days are Just Packed,140
1992-09-03,The Days are Just Packed,140
1992-09-04,The Days are Just Packed,141
1992-09-05,The Days are Just Packed,141
1992-09-06,The Days are Just Packed,143
1992-09-07,The Days are Just Packed,142
1992-09-08,The Days are Just Packed,142
1992-09-09,The Days are Just Packed,144
1992-09-10,The Days are Just Packed,144
1992-09-11,The Days are Just Packed,145
1992-09-12,The Days are Just Packed,145
1992-09-13,The Days are Just Packed,146
1992-09-14,The Days are Just Packed,147
1992-09-15,The Days are Just Packed,147
1992-09-16,The Days are Just Packed,148
1992-09-17,The Days are Just Packed,148
1992-09-18,The Days are Just Packed,149
1992-09-19,The Days are Just Packed,149
1992-09-20,The Days are Just Packed,150
1992-09-21,The Days are Just Packed,151
1992-09-22,The Days are Just Packed,151
1992-09-23,The Days are Just Packed,152
1992-09-24,The Days are Just Packed,152
1992-09-25,The Days are Just Packed,153
1992-09-26,The Days are Just Packed,153
1992-09-27,The Days are Just Packed,155
1992-09-28,The Days are Just Packed,156
1992-09-29,The Days are Just Packed,156
1992-09-30,The Days are Just Packed,157
1992-10-01,The Days are Just Packed,157
1992-10-02,The Days are Just Packed,154
1992-10-03,The Days are Just Packed,154
1992-10-04,The Days are Just Packed,158
1992-10-05,The Days are Just Packed,159
1992-10-06,The Days are Just Packed,159
1992-10-06,The Calvin and Hobbes Tenth Anniversary Book,200
1992-10-07,The Days are Just Packed,160
1992-10-08,The Days are Just Packed,160
1992-10-09,The Days are Just Packed,161
1992-10-10,The Days are Just Packed,161
1992-10-11,The Days are Just Packed,162
1992-10-12,The Days are Just Packed,163
1992-10-13,The Days are Just Packed,163
1992-10-14,The Days are Just Packed,164
1992-10-15,The Days are Just Packed,164
1992-10-16,The Days are Just Packed,165
1992-10-17,The Days are Just Packed,165
1992-10-18,The Days are Just Packed,167
1992-10-19,The Days are Just Packed,166
1992-10-20,The Days are Just Packed,166
1992-10-21,The Days are Just Packed,168
1992-10-22,The Days are Just Packed,168
1992-10-23,The Days are Just Packed,169
1992-10-24,The Days are Just Packed,169
1992-10-25,The Days are Just Packed,171
1992-10-26,The Days are Just Packed,170
1992-10-27,The Days are Just Packed,170
1992-10-28,The Days are Just Packed,172
1992-10-29,The Days are Just Packed,172
1992-10-30,The Days are Just Packed,174
1992-10-31,The Days are Just Packed,174
1992-11-01,The Days are Just Packed,173
1992-11-02,Homicidal Psycho Jungle Cat,6
1992-11-03,Homicidal Psycho Jungle Cat,6
1992-11-04,Homicidal Psycho Jungle Cat,7
1992-11-05,Homicidal Psycho Jungle Cat,7
1992-11-06,Homicidal Psycho Jungle Cat,8
1992-11-07,Homicidal Psycho Jungle Cat,8
1992-11-08,The Days are Just Packed,175
1992-11-09,Homicidal Psycho Jungle Cat,9
1992-11-10,Homicidal Psycho Jungle Cat,9
1992-11-11,Homicidal Psycho Jungle Cat,10
1992-11-12,Homicidal Psycho Jungle Cat,10
1992-11-13,Homicidal Psycho Jungle Cat,11
1992-11-14,Homicidal Psycho Jungle Cat,11
1992-11-15,Homicidal Psycho Jungle Cat,12
1992-11-16,Homicidal Psycho Jungle Cat,13
1992-11-17,Homicidal Psycho Jungle Cat,13
1992-11-18,Homicidal Psycho Jungle Cat,14
1992-11-19,Homicidal Psycho Jungle Cat,14
1992-11-20,Homicidal Psycho Jungle Cat,15
1992-11-21,Homicidal Psycho Jungle Cat,15
1992-11-22,Homicidal Psycho Jungle Cat,16
1992-11-23,Homicidal Psycho Jungle Cat,17
1992-11-24,Homicidal Psycho Jungle Cat,17
1992-11-25,Homicidal Psycho Jungle Cat,18
1992-11-26,Homicidal Psycho Jungle Cat,18
1992-11-27,Homicidal Psycho Jungle Cat,19
1992-11-28,Homicidal Psycho Jungle Cat,19
1992-11-29,Homicidal Psycho Jungle Cat,20
1992-11-29,The Calvin and Hobbes Tenth Anniversary Book,193
1992-11-30,Homicidal Psycho Jungle Cat,21
1992-12-01,Homicidal Psycho Jungle Cat,21
1992-12-02,Homicidal Psycho Jungle Cat,22
1992-12-03,Homicidal Psycho Jungle Cat,22
1992-12-04,Homicidal Psycho Jungle Cat,23
1992-12-05,Homicidal Psycho Jungle Cat,23
1992-12-06,Homicidal Psycho Jungle Cat,24
1992-12-06,Calvin and Hobbes: Sunday Pages 1985-1995,62
1992-12-06,Calvin and Hobbes: Sunday Pages 1985-1995,63
1992-12-06,The Calvin and Hobbes Tenth Anniversary Book,197
1992-12-07,Homicidal Psycho Jungle Cat,25
1992-12-08,Homicidal Psycho Jungle Cat,25
1992-12-09,Homicidal Psycho Jungle Cat,26
1992-12-10,Homicidal Psycho Jungle Cat,26
1992-12-11,Homicidal Psycho Jungle Cat,27
1992-12-12,Homicidal Psycho Jungle Cat,27
1992-12-13,Homicidal Psycho Jungle Cat,28
1992-12-13,Calvin and Hobbes: Sunday Pages 1985-1995,64
1992-12-13,Calvin and Hobbes: Sunday Pages 1985-1995,65
1992-12-14,Homicidal Psycho Jungle Cat,29
1992-12-15,Homicidal Psycho Jungle Cat,29
1992-12-16,Homicidal Psycho Jungle Cat,31
1992-12-17,Homicidal Psycho Jungle Cat,31
1992-12-18,Homicidal Psycho Jungle Cat,32
1992-12-19,Homicidal Psycho Jungle Cat,32
1992-12-20,Homicidal Psycho Jungle Cat,30
1992-12-21,Homicidal Psycho Jungle Cat,33
1992-12-22,Homicidal Psycho Jungle Cat,33
1992-12-23,Homicidal Psycho Jungle Cat,34
1992-12-24,Homicidal Psycho Jungle Cat,34
1992-12-25,Homicidal Psycho Jungle Cat,35
1992-12-26,Homicidal Psycho Jungle Cat,35
1992-12-27,Homicidal Psycho Jungle Cat,36
1992-12-28,Homicidal Psycho Jungle Cat,37
1992-12-29,Homicidal Psycho Jungle Cat,37
1992-12-30,Homicidal Psycho Jungle Cat,38
1992-12-31,Homicidal Psycho Jungle Cat,38
1993-01-01,Homicidal Psycho Jungle Cat,39
1993-01-02,Homicidal Psycho Jungle Cat,39
1993-01-03,Homicidal Psycho Jungle Cat,40
1993-01-04,Homicidal Psycho Jungle Cat,41
1993-01-05,Homicidal Psycho Jungle Cat,41
1993-01-06,Homicidal Psycho Jungle Cat,42
1993-01-07,Homicidal Psycho Jungle Cat,42
1993-01-08,Homicidal Psycho Jungle Cat,43
1993-01-09,Homicidal Psycho Jungle Cat,43
1993-01-10,Homicidal Psycho Jungle Cat,44
1993-01-10,The Calvin and Hobbes Tenth Anniversary Book,167
1993-01-11,Homicidal Psycho Jungle Cat,45
1993-01-12,Homicidal Psycho Jungle Cat,45
1993-01-13,Homicidal Psycho Jungle Cat,46
1993-01-14,Homicidal Psycho Jungle Cat,46
1993-01-15,Homicidal Psycho Jungle Cat,47
1993-01-16,Homicidal Psycho Jungle Cat,47
1993-01-17,Homicidal Psycho Jungle Cat,48
1993-01-18,Homicidal Psycho Jungle Cat,49
1993-01-19,Homicidal Psycho Jungle Cat,49
1993-01-20,Homicidal Psycho Jungle Cat,50
1993-01-21,Homicidal Psycho Jungle Cat,50
1993-01-21,The Calvin and Hobbes Tenth Anniversary Book,184
1993-01-22,Homicidal Psycho Jungle Cat,51
1993-01-23,Homicidal Psycho Jungle Cat,51
1993-01-24,Homicidal Psycho Jungle Cat,52
1993-01-25,Homicidal Psycho Jungle Cat,53
1993-01-26,Homicidal Psycho Jungle Cat,53
1993-01-27,Homicidal Psycho Jungle Cat,54
1993-01-28,Homicidal Psycho Jungle Cat,54
1993-01-29,Homicidal Psycho Jungle Cat,55
1993-01-30,Homicidal Psycho Jungle Cat,55
1993-01-31,Homicidal Psycho Jungle Cat,56
1993-02-01,Homicidal Psycho Jungle Cat,57
1993-02-02,Homicidal Psycho Jungle Cat,57
1993-02-03,Homicidal Psycho Jungle Cat,58
1993-02-04,Homicidal Psycho Jungle Cat,58
1993-02-04,The Calvin and Hobbes Tenth Anniversary Book,185
1993-02-05,Homicidal Psycho Jungle Cat,59
1993-02-06,Homicidal Psycho Jungle Cat,59
1993-02-07,Homicidal Psycho Jungle Cat,60
1993-02-08,Homicidal Psycho Jungle Cat,61
1993-02-09,Homicidal Psycho Jungle Cat,61
1993-02-10,Homicidal Psycho Jungle Cat,62
1993-02-11,Homicidal Psycho Jungle Cat,62
1993-02-11,The Calvin and Hobbes Tenth Anniversary Book,184
1993-02-12,Homicidal Psycho Jungle Cat,63
1993-02-13,Homicidal Psycho Jungle Cat,63
1993-02-14,Homicidal Psycho Jungle Cat,64
1993-02-15,Homicidal Psycho Jungle Cat,65
1993-02-16,Homicidal Psycho Jungle Cat,65
1993-02-17,Homicidal Psycho Jungle Cat,66
1993-02-18,Homicidal Psycho Jungle Cat,66
1993-02-19,Homicidal Psycho Jungle Cat,67
1993-02-20,Homicidal Psycho Jungle Cat,67
1993-02-21,Homicidal Psycho Jungle Cat,68
1993-02-22,Homicidal Psycho Jungle Cat,69
1993-02-22,The Calvin and Hobbes Tenth Anniversary Book,187
1993-02-23,Homicidal Psycho Jungle Cat,69
1993-02-23,The Calvin and Hobbes Tenth Anniversary Book,187
1993-02-24,Homicidal Psycho Jungle Cat,70
1993-02-24,The Calvin and Hobbes Tenth Anniversary Book,188
1993-02-25,Homicidal Psycho Jungle Cat,70
1993-02-25,The Calvin and Hobbes Tenth Anniversary Book,188
1993-02-26,Homicidal Psycho Jungle Cat,71
1993-02-26,The Calvin and Hobbes Tenth Anniversary Book,189
1993-02-27,Homicidal Psycho Jungle Cat,71
1993-02-27,The Calvin and Hobbes Tenth Anniversary Book,189
1993-02-28,Homicidal Psycho Jungle Cat,75
1993-02-28,The Calvin and Hobbes Tenth Anniversary Book,195
1993-03-01,Homicidal Psycho Jungle Cat,72
1993-03-01,The Calvin and Hobbes Tenth Anniversary Book,190
1993-03-02,Homicidal Psycho Jungle Cat,72
1993-03-02,The Calvin and Hobbes Tenth Anniversary Book,190
1993-03-03,Homicidal Psycho Jungle Cat,73
1993-03-03,The Calvin and Hobbes Tenth Anniversary Book,191
1993-03-04,Homicidal Psycho Jungle Cat,73
1993-03-04,The Calvin and Hobbes Tenth Anniversary Book,191
1993-03-05,Homicidal Psycho Jungle Cat,74
1993-03-05,The Calvin and Hobbes Tenth Anniversary Book,192
1993-03-06,Homicidal Psycho Jungle Cat,74
1993-03-06,The Calvin and Hobbes Tenth Anniversary Book,192
1993-03-07,Homicidal Psycho Jungle Cat,76
1993-03-08,Homicidal Psycho Jungle Cat,77
1993-03-09,Homicidal Psycho Jungle Cat,77
1993-03-10,Homicidal Psycho Jungle Cat,78
1993-03-10,The Calvin and Hobbes Tenth Anniversary Book,174
1993-03-11,Homicidal Psycho Jungle Cat,78
1993-03-12,Homicidal Psycho Jungle Cat,79
1993-03-13,Homicidal Psycho Jungle Cat,79
1993-03-13,The Calvin and Hobbes Tenth Anniversary Book,194
1993-03-14,Homicidal Psycho Jungle Cat,80
1993-03-14,The Calvin and Hobbes Tenth Anniversary Book,186
1993-03-15,Homicidal Psycho Jungle Cat,81
1993-03-16,Homicidal Psycho Jungle Cat,81
1993-03-17,Homicidal Psycho Jungle Cat,82
1993-03-18,Homicidal Psycho Jungle Cat,82
1993-03-19,Homicidal Psycho Jungle Cat,83
1993-03-20,Homicidal Psycho Jungle Cat,83
1993-03-21,Homicidal Psycho Jungle Cat,5
1993-03-21,Calvin and Hobbes: Sunday Pages 1985-1995,66
1993-03-21,Calvin and Hobbes: Sunday Pages 1985-1995,67
1993-03-22,Homicidal Psycho Jungle Cat,84
1993-03-22,The Calvin and Hobbes Tenth Anniversary Book,165
1993-03-23,Homicidal Psycho Jungle Cat,84
1993-03-24,Homicidal Psycho Jungle Cat,85
1993-03-25,Homicidal Psycho Jungle Cat,85
1993-03-26,Homicidal Psycho Jungle Cat,86
1993-03-27,Homicidal Psycho Jungle Cat,86
1993-03-28,Homicidal Psycho Jungle Cat,87
1993-03-28,The Calvin and Hobbes Tenth Anniversary Book,182
1993-03-29,Homicidal Psycho Jungle Cat,88
1993-03-30,Homicidal Psycho Jungle Cat,88
1993-03-31,Homicidal Psycho Jungle Cat,89
1993-04-01,Homicidal Psycho Jungle Cat,89
1993-04-02,Homicidal Psycho Jungle Cat,90
1993-04-03,Homicidal Psycho Jungle Cat,90
1993-04-04,Homicidal Psycho Jungle Cat,91
1993-04-05,Homicidal Psycho Jungle Cat,92
1993-04-06,Homicidal Psycho Jungle Cat,92
1993-04-07,Homicidal Psycho Jungle Cat,93
1993-04-08,Homicidal Psycho Jungle Cat,93
1993-04-09,Homicidal Psycho Jungle Cat,94
1993-04-10,Homicidal Psycho Jungle Cat,94
1993-04-11,Calvin and Hobbes: Sunday Pages 1985-1995,68
1993-04-11,Calvin and Hobbes: Sunday Pages 1985-1995,69
1993-04-11,Homicidal Psycho Jungle Cat,95
1993-04-11,The Calvin and Hobbes Tenth Anniversary Book,175
1993-04-12,Homicidal Psycho Jungle Cat,96
1993-04-13,Homicidal Psycho Jungle Cat,96
1993-04-14,Homicidal Psycho Jungle Cat,97
1993-04-15,Homicidal Psycho Jungle Cat,97
1993-04-16,Homicidal Psycho Jungle Cat,98
1993-04-17,Homicidal Psycho Jungle Cat,98
1993-04-18,Homicidal Psycho Jungle Cat,99
1993-04-19,Homicidal Psycho Jungle Cat,100
1993-04-20,Homicidal Psycho Jungle Cat,100
1993-04-21,Homicidal Psycho Jungle Cat,101
1993-04-22,Homicidal Psycho Jungle Cat,101
1993-04-23,Homicidal Psycho Jungle Cat,102
1993-04-24,Homicidal Psycho Jungle Cat,102
1993-04-25,Homicidal Psycho Jungle Cat,103
1993-04-26,Homicidal Psycho Jungle Cat,105
1993-04-26,The Calvin and Hobbes Tenth Anniversary Book,176
1993-04-27,Homicidal Psycho Jungle Cat,105
1993-04-27,The Calvin and Hobbes Tenth Anniversary Book,176
1993-04-28,Homicidal Psycho Jungle Cat,106
1993-04-28,The Calvin and Hobbes Tenth Anniversary Book,177
1993-04-29,Homicidal Psycho Jungle Cat,106
1993-04-29,The Calvin and Hobbes Tenth Anniversary Book,177
1993-04-30,Homicidal Psycho Jungle Cat,107
1993-04-30,The Calvin and Hobbes Tenth Anniversary Book,178
1993-05-01,Homicidal Psycho Jungle Cat,107
1993-05-01,The Calvin and Hobbes Tenth Anniversary Book,178
1993-05-02,Homicidal Psycho Jungle Cat,104
1993-05-03,Homicidal Psycho Jungle Cat,108
1993-05-03,The Calvin and Hobbes Tenth Anniversary Book,179
1993-05-04,Homicidal Psycho Jungle Cat,108
1993-05-04,The Calvin and Hobbes Tenth Anniversary Book,179
1993-05-05,Homicidal Psycho Jungle Cat,109
1993-05-05,The Calvin and Hobbes Tenth Anniversary Book,180
1993-05-06,Homicidal Psycho Jungle Cat,109
1993-05-06,The Calvin and Hobbes Tenth Anniversary Book,180
1993-05-07,Homicidal Psycho Jungle Cat,110
1993-05-07,The Calvin and Hobbes Tenth Anniversary Book,181
1993-05-08,Homicidal Psycho Jungle Cat,110
1993-05-08,The Calvin and Hobbes Tenth Anniversary Book,181
1993-05-09,Homicidal Psycho Jungle Cat,111
1993-05-10,Homicidal Psycho Jungle Cat,112
1993-05-11,Homicidal Psycho Jungle Cat,112
1993-05-12,Homicidal Psycho Jungle Cat,113
1993-05-13,Homicidal Psycho Jungle Cat,113
1993-05-14,Homicidal Psycho Jungle Cat,114
1993-05-14,The Calvin and Hobbes Tenth Anniversary Book,161
1993-05-15,Homicidal Psycho Jungle Cat,114
1993-05-16,Homicidal Psycho Jungle Cat,115
1993-05-17,Homicidal Psycho Jungle Cat,116
1993-05-18,Homicidal Psycho Jungle Cat,116
1993-05-19,Homicidal Psycho Jungle Cat,117
1993-05-20,Homicidal Psycho Jungle Cat,117
1993-05-21,Homicidal Psycho Jungle Cat,118
1993-05-22,Homicidal Psycho Jungle Cat,118
1993-05-23,Homicidal Psycho Jungle Cat,119
1993-05-24,Homicidal Psycho Jungle Cat,120
1993-05-25,Homicidal Psycho Jungle Cat,120
1993-05-25,The Calvin and Hobbes Tenth Anniversary Book,164
1993-05-26,Homicidal Psycho Jungle Cat,121
1993-05-27,Homicidal Psycho Jungle Cat,121
1993-05-28,Homicidal Psycho Jungle Cat,122
1993-05-29,Homicidal Psycho Jungle Cat,122
1993-05-30,Homicidal Psycho Jungle Cat,123
1993-05-31,Homicidal Psycho Jungle Cat,124
1993-06-01,Homicidal Psycho Jungle Cat,124
1993-06-02,Homicidal Psycho Jungle Cat,125
1993-06-03,Homicidal Psycho Jungle Cat,125
1993-06-04,Homicidal Psycho Jungle Cat,126
1993-06-05,Homicidal Psycho Jungle Cat,126
1993-06-05,The Calvin and Hobbes Tenth Anniversary Book,183
1993-06-06,Homicidal Psycho Jungle Cat,127
1993-06-07,Homicidal Psycho Jungle Cat,128
1993-06-08,Homicidal Psycho Jungle Cat,128
1993-06-09,Homicidal Psycho Jungle Cat,129
1993-06-10,Homicidal Psycho Jungle Cat,129
1993-06-11,Homicidal Psycho Jungle Cat,130
1993-06-11,The Calvin and Hobbes Tenth Anniversary Book,172
1993-06-12,Homicidal Psycho Jungle Cat,130
1993-06-13,Homicidal Psycho Jungle Cat,131
1993-06-14,Homicidal Psycho Jungle Cat,132
1993-06-15,Homicidal Psycho Jungle Cat,132
1993-06-15,The Calvin and Hobbes Tenth Anniversary Book,183
1993-06-16,Homicidal Psycho Jungle Cat,133
1993-06-17,Homicidal Psycho Jungle Cat,133
1993-06-18,Homicidal Psycho Jungle Cat,134
1993-06-19,Homicidal Psycho Jungle Cat,134
1993-06-20,Homicidal Psycho Jungle Cat,135
1993-06-21,Homicidal Psycho Jungle Cat,136
1993-06-21,The Calvin and Hobbes Tenth Anniversary Book,202
1993-06-22,Homicidal Psycho Jungle Cat,136
1993-06-23,Homicidal Psycho Jungle Cat,137
1993-06-24,Homicidal Psycho Jungle Cat,137
1993-06-25,Homicidal Psycho Jungle Cat,138
1993-06-26,Homicidal Psycho Jungle Cat,138
1993-06-27,Homicidal Psycho Jungle Cat,139
1993-06-28,Homicidal Psycho Jungle Cat,140
1993-06-29,Homicidal Psycho Jungle Cat,140
1993-06-30,Homicidal Psycho Jungle Cat,141
1993-07-01,Homicidal Psycho Jungle Cat,141
1993-07-02,Homicidal Psycho Jungle Cat,142
1993-07-03,Homicidal Psycho Jungle Cat,142
1993-07-04,Calvin and Hobbes: Sunday Pages 1985-1995,70
1993-07-04,Calvin and Hobbes: Sunday Pages 1985-1995,71
1993-07-04,Homicidal Psycho Jungle Cat,143
1993-07-05,Homicidal Psycho Jungle Cat,144
1993-07-06,Homicidal Psycho Jungle Cat,144
1993-07-07,Homicidal Psycho Jungle Cat,145
1993-07-08,Homicidal Psycho Jungle Cat,145
1993-07-09,Homicidal Psycho Jungle Cat,146
1993-07-10,Homicidal Psycho Jungle Cat,146
1993-07-11,Homicidal Psycho Jungle Cat,147
1993-07-12,Homicidal Psycho Jungle Cat,148
1993-07-13,Homicidal Psycho Jungle Cat,148
1993-07-14,Homicidal Psycho Jungle Cat,149
1993-07-15,Homicidal Psycho Jungle Cat,149
1993-07-16,Homicidal Psycho Jungle Cat,150
1993-07-17,Homicidal Psycho Jungle Cat,150
1993-07-18,Homicidal Psycho Jungle Cat,151
1993-07-19,Homicidal Psycho Jungle Cat,152
1993-07-20,Homicidal Psycho Jungle Cat,152
1993-07-20,The Calvin and Hobbes Tenth Anniversary Book,202
1993-07-21,Homicidal Psycho Jungle Cat,153
1993-07-21,The Calvin and Hobbes Tenth Anniversary Book,196
1993-07-22,Homicidal Psycho Jungle Cat,153
1993-07-23,Homicidal Psycho Jungle Cat,154
1993-07-24,Homicidal Psycho Jungle Cat,154
1993-07-25,Homicidal Psycho Jungle Cat,155
1993-07-26,Homicidal Psycho Jungle Cat,156
1993-07-27,Homicidal Psycho Jungle Cat,156
1993-07-28,Homicidal Psycho Jungle Cat,157
1993-07-29,Homicidal Psycho Jungle Cat,157
1993-07-30,Homicidal Psycho Jungle Cat,158
1993-07-31,Homicidal Psycho Jungle Cat,158
1993-08-01,Homicidal Psycho Jungle Cat,159
1993-08-02,Homicidal Psycho Jungle Cat,161
1993-08-03,Homicidal Psycho Jungle Cat,161
1993-08-04,Homicidal Psycho Jungle Cat,162
1993-08-05,Homicidal Psycho Jungle Cat,162
1993-08-06,Homicidal Psycho Jungle Cat,163
1993-08-07,Homicidal Psycho Jungle Cat,163
1993-08-08,Homicidal Psycho Jungle Cat,160
1993-08-09,Homicidal Psycho Jungle Cat,164
1993-08-10,Homicidal Psycho Jungle Cat,164
1993-08-11,Homicidal Psycho Jungle Cat,165
1993-08-12,Homicidal Psycho Jungle Cat,165
1993-08-13,Homicidal Psycho Jungle Cat,166
1993-08-14,Homicidal Psycho Jungle Cat,166
1993-08-15,Calvin and Hobbes: Sunday Pages 1985-1995,72
1993-08-15,Calvin and Hobbes: Sunday Pages 1985-1995,73
1993-08-15,Homicidal Psycho Jungle Cat,175
1993-08-15,The Calvin and Hobbes Tenth Anniversary Book,206
1993-08-16,Homicidal Psycho Jungle Cat,167
1993-08-17,Homicidal Psycho Jungle Cat,167
1993-08-18,Homicidal Psycho Jungle Cat,168
1993-08-19,Homicidal Psycho Jungle Cat,168
1993-08-20,Homicidal Psycho Jungle Cat,169
1993-08-21,Homicidal Psycho Jungle Cat,169
1993-08-22,Homicidal Psycho Jungle Cat,172
1993-08-23,Homicidal Psycho Jungle Cat,171
1993-08-24,Homicidal Psycho Jungle Cat,171
1993-08-25,Homicidal Psycho Jungle Cat,173
1993-08-26,Homicidal Psycho Jungle Cat,173
1993-08-27,Homicidal Psycho Jungle Cat,174
1993-08-28,Homicidal Psycho Jungle Cat,174
1993-08-29,Homicidal Psycho Jungle Cat,170
1993-08-30,There's Treasure Everywhere,5
1993-08-31,There's Treasure Everywhere,5
1993-09-01,There's Treasure Everywhere,6
1993-09-02,There's Treasure Everywhere,6
1993-09-03,There's Treasure Everywhere,7
1993-09-04,There's Treasure Everywhere,7
1993-09-05,There's Treasure Everywhere,8
1993-09-06,There's Treasure Everywhere,9
1993-09-07,There's Treasure Everywhere,9
1993-09-08,There's Treasure Everywhere,10
1993-09-09,There's Treasure Everywhere,10
1993-09-10,There's Treasure Everywhere,11
1993-09-11,There's Treasure Everywhere,11
1993-09-12,There's Treasure Everywhere,12
1993-09-13,There's Treasure Everywhere,13
1993-09-14,There's Treasure Everywhere,13
1993-09-15,There's Treasure Everywhere,14
1993-09-16,There's Treasure Everywhere,14
1993-09-17,There's Treasure Everywhere,15
1993-09-18,There's Treasure Everywhere,15
1993-09-19,There's Treasure Everywhere,16
1993-09-19,The Calvin and Hobbes Tenth Anniversary Book,199
1993-09-20,There's Treasure Everywhere,17
1993-09-21,There's Treasure Everywhere,17
1993-09-22,There's Treasure Everywhere,18
1993-09-23,There's Treasure Everywhere,18
1993-09-24,There's Treasure Everywhere,19
1993-09-25,There's Treasure Everywhere,19
1993-09-26,There's Treasure Everywhere,20
1993-09-27,There's Treasure Everywhere,21
1993-09-28,There's Treasure Everywhere,21
1993-09-29,There's Treasure Everywhere,22
1993-09-30,There's Treasure Everywhere,22
1993-10-01,There's Treasure Everywhere,23
1993-10-02,There's Treasure Everywhere,23
1993-10-03,There's Treasure Everywhere,24
1993-10-04,There's Treasure Everywhere,25
1993-10-05,There's Treasure Everywhere,25
1993-10-06,There's Treasure Everywhere,26
1993-10-07,There's Treasure Everywhere,26
1993-10-08,There's Treasure Everywhere,27
1993-10-09,There's Treasure Everywhere,27
1993-10-10,There's Treasure Everywhere,28
1993-10-11,There's Treasure Everywhere,29
1993-10-12,There's Treasure Everywhere,29
1993-10-13,There's Treasure Everywhere,30
1993-10-14,There's Treasure Everywhere,30
1993-10-15,There's Treasure Everywhere,31
1993-10-16,There's Treasure Everywhere,31
1993-10-17,There's Treasure Everywhere,32
1993-10-18,There's Treasure Everywhere,33
1993-10-19,There's Treasure Everywhere,33
1993-10-20,There's Treasure Everywhere,34
1993-10-21,There's Treasure Everywhere,34
1993-10-22,There's Treasure Everywhere,35
1993-10-23,There's Treasure Everywhere,35
1993-10-24,There's Treasure Everywhere,40
1993-10-25,There's Treasure Everywhere,36
1993-10-26,There's Treasure Everywhere,36
1993-10-27,There's Treasure Everywhere,37
1993-10-28,There's Treasure Everywhere,37
1993-10-29,There's Treasure Everywhere,38
1993-10-30,There's Treasure Everywhere,38
1993-10-31,There's Treasure Everywhere,42
1993-11-01,There's Treasure Everywhere,39
1993-11-02,There's Treasure Everywhere,39
1993-11-03,There's Treasure Everywhere,41
1993-11-04,There's Treasure Everywhere,41
1993-11-05,There's Treasure Everywhere,43
1993-11-06,There's Treasure Everywhere,43
1993-11-07,There's Treasure Everywhere,44
1993-11-07,Calvin and Hobbes: Sunday Pages 1985-1995,74
1993-11-07,Calvin and Hobbes: Sunday Pages 1985-1995,75
1993-11-07,The Calvin and Hobbes Tenth Anniversary Book,201
1993-11-08,There's Treasure Everywhere,45
1993-11-09,There's Treasure Everywhere,45
1993-11-10,There's Treasure Everywhere,46
1993-11-11,There's Treasure Everywhere,46
1993-11-12,There's Treasure Everywhere,48
1993-11-13,There's Treasure Everywhere,48
1993-11-14,There's Treasure Everywhere,47
1993-11-15,There's Treasure Everywhere,50
1993-11-16,There's Treasure Everywhere,50
1993-11-17,There's Treasure Everywhere,51
1993-11-18,There's Treasure Everywhere,51
1993-11-19,There's Treasure Everywhere,52
1993-11-20,There's Treasure Everywhere,52
1993-11-21,There's Treasure Everywhere,49
1993-11-22,There's Treasure Everywhere,53
1993-11-23,There's Treasure Everywhere,53
1993-11-24,There's Treasure Everywhere,54
1993-11-25,There's Treasure Everywhere,54
1993-11-26,There's Treasure Everywhere,55
1993-11-27,There's Treasure Everywhere,55
1993-11-28,There's Treasure Everywhere,59
1993-11-29,There's Treasure Everywhere,56
1993-11-30,There's Treasure Everywhere,56
1993-12-01,There's Treasure Everywhere,57
1993-12-02,There's Treasure Everywhere,57
1993-12-03,There's Treasure Everywhere,58
1993-12-04,There's Treasure Everywhere,58
1993-12-05,There's Treasure Everywhere,63
1993-12-06,There's Treasure Everywhere,60
1993-12-07,There's Treasure Everywhere,60
1993-12-08,There's Treasure Everywhere,61
1993-12-09,There's Treasure Everywhere,61
1993-12-10,There's Treasure Everywhere,62
1993-12-11,There's Treasure Everywhere,62
1993-12-12,The Calvin and Hobbes Tenth Anniversary Book,64
1993-12-12,There's Treasure Everywhere,64
1993-12-13,There's Treasure Everywhere,65
1993-12-14,There's Treasure Everywhere,65
1993-12-15,There's Treasure Everywhere,66
1993-12-16,There's Treasure Everywhere,66
1993-12-17,There's Treasure Everywhere,68
1993-12-18,There's Treasure Everywhere,68
1993-12-19,There's Treasure Everywhere,67
1993-12-20,There's Treasure Everywhere,69
1993-12-21,There's Treasure Everywhere,69
1993-12-21,The Calvin and Hobbes Tenth Anniversary Book,198
1993-12-22,There's Treasure Everywhere,70
1993-12-23,There's Treasure Everywhere,70
1993-12-24,There's Treasure Everywhere,71
1993-12-25,There's Treasure Everywhere,71
1993-12-26,There's Treasure Everywhere,72
1993-12-27,There's Treasure Everywhere,73
1993-12-28,There's Treasure Everywhere,73
1993-12-29,There's Treasure Everywhere,74
1993-12-30,There's Treasure Everywhere,74
1993-12-31,There's Treasure Everywhere,75
1994-01-01,There's Treasure Everywhere,75
1994-01-02,There's Treasure Everywhere,76
1994-01-03,There's Treasure Everywhere,77
1994-01-04,There's Treasure Everywhere,77
1994-01-05,There's Treasure Everywhere,78
1994-01-06,There's Treasure Everywhere,78
1994-01-07,There's Treasure Everywhere,79
1994-01-08,There's Treasure Everywhere,79
1994-01-09,There's Treasure Everywhere,80
1994-01-10,There's Treasure Everywhere,81
1994-01-11,There's Treasure Everywhere,81
1994-01-12,There's Treasure Everywhere,82
1994-01-13,There's Treasure Everywhere,82
1994-01-14,There's Treasure Everywhere,83
1994-01-15,There's Treasure Everywhere,83
1994-01-16,There's Treasure Everywhere,84
1994-01-17,There's Treasure Everywhere,85
1994-01-18,There's Treasure Everywhere,85
1994-01-19,There's Treasure Everywhere,86
1994-01-20,There's Treasure Everywhere,86
1994-01-21,There's Treasure Everywhere,87
1994-01-22,There's Treasure Everywhere,87
1994-01-23,There's Treasure Everywhere,88
1994-01-24,There's Treasure Everywhere,89
1994-01-25,There's Treasure Everywhere,89
1994-01-26,There's Treasure Everywhere,90
1994-01-27,There's Treasure Everywhere,90
1994-01-28,There's Treasure Everywhere,91
1994-01-29,There's Treasure Everywhere,91
1994-01-30,There's Treasure Everywhere,92
1994-01-31,There's Treasure Everywhere,93
1994-02-01,There's Treasure Everywhere,93
1994-02-02,There's Treasure Everywhere,94
1994-02-03,There's Treasure Everywhere,94
1994-02-04,There's Treasure Everywhere,95
1994-02-05,There's Treasure Everywhere,95
1994-02-06,Calvin and Hobbes: Sunday Pages 1985-1995,76
1994-02-06,Calvin and Hobbes: Sunday Pages 1985-1995,77
1994-02-06,There's Treasure Everywhere,96
1994-02-06,The Calvin and Hobbes Tenth Anniversary Book,203
1994-02-07,There's Treasure Everywhere,97
1994-02-08,There's Treasure Everywhere,97
1994-02-09,There's Treasure Everywhere,98
1994-02-10,There's Treasure Everywhere,98
1994-02-11,There's Treasure Everywhere,99
1994-02-12,There's Treasure Everywhere,99
1994-02-13,There's Treasure Everywhere,100
1994-02-14,There's Treasure Everywhere,101
1994-02-15,There's Treasure Everywhere,101
1994-02-16,There's Treasure Everywhere,102
1994-02-17,There's Treasure Everywhere,102
1994-02-18,There's Treasure Everywhere,103
1994-02-19,There's Treasure Everywhere,103
1994-02-20,There's Treasure Everywhere,104
1994-02-21,There's Treasure Everywhere,105
1994-02-22,There's Treasure Everywhere,105
1994-02-23,There's Treasure Everywhere,106
1994-02-24,There's Treasure Everywhere,106
1994-02-25,There's Treasure Everywhere,107
1994-02-26,There's Treasure Everywhere,107
1994-02-27,There's Treasure Everywhere,108
1994-02-28,There's Treasure Everywhere,109
1994-03-01,There's Treasure Everywhere,109
1994-03-01,The Calvin and Hobbes Tenth Anniversary Book,204
1994-03-02,There's Treasure Everywhere,110
1994-03-03,There's Treasure Everywhere,110
1994-03-04,There's Treasure Everywhere,112
1994-03-05,There's Treasure Everywhere,112
1994-03-06,Calvin and Hobbes: Sunday Pages 1985-1995,78
1994-03-06,Calvin and Hobbes: Sunday Pages 1985-1995,79
1994-03-06,There's Treasure Everywhere,111
1994-03-07,There's Treasure Everywhere,114
1994-03-08,There's Treasure Everywhere,114
1994-03-09,There's Treasure Everywhere,115
1994-03-10,There's Treasure Everywhere,115
1994-03-11,There's Treasure Everywhere,116
1994-03-12,There's Treasure Everywhere,116
1994-03-13,There's Treasure Everywhere,113
1994-03-14,There's Treasure Everywhere,117
1994-03-15,There's Treasure Everywhere,117
1994-03-16,There's Treasure Everywhere,118
1994-03-17,There's Treasure Everywhere,118
1994-03-18,There's Treasure Everywhere,119
1994-03-19,There's Treasure Everywhere,119
1994-03-20,There's Treasure Everywhere,120
1994-03-21,There's Treasure Everywhere,121
1994-03-22,There's Treasure Everywhere,121
1994-03-23,There's Treasure Everywhere,122
1994-03-24,There's Treasure Everywhere,122
1994-03-25,There's Treasure Everywhere,123
1994-03-26,There's Treasure Everywhere,123
1994-03-27,There's Treasure Everywhere,124
1994-03-28,There's Treasure Everywhere,125
1994-03-29,There's Treasure Everywhere,125
1994-03-30,There's Treasure Everywhere,126
1994-03-31,There's Treasure Everywhere,126
1994-04-01,There's Treasure Everywhere,127
1994-04-02,There's Treasure Everywhere,127
1995-01-01,Calvin and Hobbes: Sunday Pages 1985-1995,80
1995-01-01,Calvin and Hobbes: Sunday Pages 1985-1995,81
1995-01-01,There's Treasure Everywhere,128
1995-01-01,The Calvin and Hobbes Tenth Anniversary Book,205
1995-01-02,There's Treasure Everywhere,129
1995-01-03,There's Treasure Everywhere,129
1995-01-04,There's Treasure Everywhere,130
1995-01-05,There's Treasure Everywhere,130
1995-01-06,There's Treasure Everywhere,131
1995-01-07,There's Treasure Everywhere,131
1995-01-08,There's Treasure Everywhere,132
1995-01-09,There's Treasure Everywhere,133
1995-01-10,There's Treasure Everywhere,133
1995-01-11,There's Treasure Everywhere,134
1995-01-12,There's Treasure Everywhere,134
1995-01-13,There's Treasure Everywhere,135
1995-01-14,There's Treasure Everywhere,135
1995-01-15,There's Treasure Everywhere,136
1995-01-16,There's Treasure Everywhere,137
1995-01-17,There's Treasure Everywhere,137
1995-01-18,There's Treasure Everywhere,138
1995-01-19,There's Treasure Everywhere,138
1995-01-20,There's Treasure Everywhere,139
1995-01-21,There's Treasure Everywhere,139
1995-01-22,There's Treasure Everywhere,140
1995-01-23,There's Treasure Everywhere,141
1995-01-24,There's Treasure Everywhere,141
1995-01-25,There's Treasure Everywhere,142
1995-01-25,The Calvin and Hobbes Tenth Anniversary Book,185
1995-01-26,There's Treasure Everywhere,142
1995-01-27,There's Treasure Everywhere,143
1995-01-28,There's Treasure Everywhere,143
1995-01-29,There's Treasure Everywhere,144
1995-01-30,There's Treasure Everywhere,145
1995-01-31,There's Treasure Everywhere,145
1995-02-01,There's Treasure Everywhere,146
1995-02-02,There's Treasure Everywhere,146
1995-02-03,There's Treasure Everywhere,147
1995-02-04,There's Treasure Everywhere,147
1995-02-05,There's Treasure Everywhere,148
1995-02-06,There's Treasure Everywhere,149
1995-02-07,There's Treasure Everywhere,149
1995-02-08,There's Treasure Everywhere,150
1995-02-09,There's Treasure Everywhere,150
1995-02-10,There's Treasure Everywhere,151
1995-02-11,There's Treasure Everywhere,151
1995-02-12,There's Treasure Everywhere,152
1995-02-13,There's Treasure Everywhere,153
1995-02-14,There's Treasure Everywhere,153
1995-02-15,There's Treasure Everywhere,154
1995-02-15,The Calvin and Hobbes Tenth Anniversary Book,198
1995-02-16,There's Treasure Everywhere,154
1995-02-17,There's Treasure Everywhere,155
1995-02-18,There's Treasure Everywhere,155
1995-02-19,There's Treasure Everywhere,156
1995-02-20,There's Treasure Everywhere,157
1995-02-21,There's Treasure Everywhere,157
1995-02-22,There's Treasure Everywhere,158
1995-02-23,There's Treasure Everywhere,158
1995-02-23,The Calvin and Hobbes Tenth Anniversary Book,204
1995-02-24,There's Treasure Everywhere,159
1995-02-25,There's Treasure Everywhere,159
1995-02-26,There's Treasure Everywhere,160
1995-02-27,There's Treasure Everywhere,161
1995-02-28,There's Treasure Everywhere,161
1995-03-01,There's Treasure Everywhere,162
1995-03-02,There's Treasure Everywhere,162
1995-03-03,There's Treasure Everywhere,163
1995-03-04,There's Treasure Everywhere,163
1995-03-05,There's Treasure Everywhere,164
1995-03-06,There's Treasure Everywhere,165
1995-03-07,There's Treasure Everywhere,165
1995-03-08,There's Treasure Everywhere,166
1995-03-09,There's Treasure Everywhere,166
1995-03-10,There's Treasure Everywhere,167
1995-03-11,There's Treasure Everywhere,167
1995-03-12,There's Treasure Everywhere,168
1995-03-13,There's Treasure Everywhere,169
1995-03-13,The Calvin and Hobbes Tenth Anniversary Book,196
1995-03-14,There's Treasure Everywhere,169
1995-03-15,There's Treasure Everywhere,170
1995-03-16,There's Treasure Everywhere,170
1995-03-17,There's Treasure Everywhere,171
1995-03-18,There's Treasure Everywhere,171
1995-03-19,There's Treasure Everywhere,175
1995-03-20,It's a Magical World,6
1995-03-21,It's a Magical World,6
1995-03-22,It's a Magical World,7
1995-03-23,It's a Magical World,7
1995-03-24,It's a Magical World,8
1995-03-25,It's a Magical World,8
1995-03-26,It's a Magical World,5
1995-03-27,It's a Magical World,9
1995-03-28,It's a Magical World,9
1995-03-29,It's a Magical World,10
1995-03-30,It's a Magical World,10
1995-03-31,It's a Magical World,11
1995-04-01,It's a Magical World,11
1995-04-02,It's a Magical World,12
1995-04-03,There's Treasure Everywhere,173
1995-04-04,There's Treasure Everywhere,173
1995-04-05,There's Treasure Everywhere,172
1995-04-06,There's Treasure Everywhere,172
1995-04-07,There's Treasure Everywhere,174
1995-04-08,There's Treasure Everywhere,174
1995-04-09,It's a Magical World,15
1995-04-10,It's a Magical World,13
1995-04-11,It's a Magical World,13
1995-04-12,It's a Magical World,14
1995-04-13,It's a Magical World,14
1995-04-14,It's a Magical World,16
1995-04-15,It's a Magical World,16
1995-04-16,It's a Magical World,17
1995-04-17,It's a Magical World,19
1995-04-18,It's a Magical World,19
1995-04-19,It's a Magical World,18
1995-04-20,It's a Magical World,18
1995-04-21,It's a Magical World,20
1995-04-22,It's a Magical World,20
1995-04-23,It's a Magical World,21
1995-04-24,It's a Magical World,22
1995-04-25,It's a Magical World,22
1995-04-26,It's a Magical World,23
1995-04-27,It's a Magical World,23
1995-04-28,It's a Magical World,24
1995-04-29,It's a Magical World,24
1995-04-30,It's a Magical World,25
1995-05-01,It's a Magical World,26
1995-05-02,It's a Magical World,26
1995-05-03,It's a Magical World,27
1995-05-04,It's a Magical World,27
1995-05-05,It's a Magical World,28
1995-05-06,It's a Magical World,28
1995-05-07,It's a Magical World,29
1995-05-08,It's a Magical World,30
1995-05-09,It's a Magical World,30
1995-05-10,It's a Magical World,31
1995-05-11,It's a Magical World,31
1995-05-12,It's a Magical World,32
1995-05-13,It's a Magical World,32
1995-05-14,It's a Magical World,33
1995-05-14,Calvin and Hobbes: Sunday Pages 1985-1995,82
1995-05-14,Calvin and Hobbes: Sunday Pages 1985-1995,83
1995-05-15,It's a Magical World,34
1995-05-16,It's a Magical World,34
1995-05-17,It's a Magical World,35
1995-05-18,It's a Magical World,35
1995-05-19,It's a Magical World,36
1995-05-20,It's a Magical World,36
1995-05-21,It's a Magical World,37
1995-05-22,It's a Magical World,38
1995-05-23,It's a Magical World,38
1995-05-24,It's a Magical World,39
1995-05-25,It's a Magical World,39
1995-05-26,It's a Magical World,40
1995-05-27,It's a Magical World,40
1995-05-28,It's a Magical World,41
1995-05-29,It's a Magical World,42
1995-05-30,It's a Magical World,42
1995-05-31,It's a Magical World,43
1995-06-01,It's a Magical World,43
1995-06-02,It's a Magical World,44
1995-06-03,There's Treasure Everywhere,3
1995-06-03,It's a Magical World,44
1995-06-04,It's a Magical World,45
1995-06-05,It's a Magical World,46
1995-06-06,It's a Magical World,46
1995-06-07,It's a Magical World,47
1995-06-08,It's a Magical World,47
1995-06-09,It's a Magical World,48
1995-06-10,It's a Magical World,48
1995-06-11,It's a Magical World,49
1995-06-12,It's a Magical World,50
1995-06-13,It's a Magical World,50
1995-06-14,It's a Magical World,51
1995-06-15,It's a Magical World,51
1995-06-16,It's a Magical World,52
1995-06-17,It's a Magical World,52
1995-06-18,It's a Magical World,53
1995-06-19,It's a Magical World,54
1995-06-20,It's a Magical World,54
1995-06-21,It's a Magical World,55
1995-06-22,It's a Magical World,55
1995-06-23,It's a Magical World,56
1995-06-24,It's a Magical World,56
1995-06-25,It's a Magical World,57
1995-06-26,It's a Magical World,58
1995-06-27,It's a Magical World,58
1995-06-28,It's a Magical World,59
1995-06-29,It's a Magical World,59
1995-06-30,It's a Magical World,60
1995-07-01,It's a Magical World,60
1995-07-02,It's a Magical World,61
1995-07-03,It's a Magical World,62
1995-07-04,It's a Magical World,62
1995-07-05,It's a Magical World,63
1995-07-06,It's a Magical World,63
1995-07-07,It's a Magical World,64
1995-07-08,It's a Magical World,64
1995-07-09,It's a Magical World,65
1995-07-10,It's a Magical World,66
1995-07-11,It's a Magical World,66
1995-07-12,It's a Magical World,67
1995-07-13,It's a Magical World,67
1995-07-14,It's a Magical World,68
1995-07-15,It's a Magical World,68
1995-07-16,It's a Magical World,69
1995-07-17,It's a Magical World,70
1995-07-18,It's a Magical World,70
1995-07-19,It's a Magical World,71
1995-07-20,It's a Magical World,71
1995-07-21,It's a Magical World,72
1995-07-22,It's a Magical World,72
1995-07-23,It's a Magical World,73
1995-07-24,It's a Magical World,74
1995-07-25,It's a Magical World,74
1995-07-26,It's a Magical World,75
1995-07-27,It's a Magical World,75
1995-07-28,It's a Magical World,76
1995-07-29,It's a Magical World,76
1995-07-30,It's a Magical World,77
1995-07-30,Calvin and Hobbes: Sunday Pages 1985-1995,84
1995-07-30,Calvin and Hobbes: Sunday Pages 1985-1995,85
1995-07-31,It's a Magical World,78
1995-08-01,It's a Magical World,78
1995-08-02,It's a Magical World,79
1995-08-03,It's a Magical World,79
1995-08-04,It's a Magical World,80
1995-08-05,It's a Magical World,80
1995-08-06,It's a Magical World,81
1995-08-07,It's a Magical World,82
1995-08-08,It's a Magical World,82
1995-08-09,It's a Magical World,83
1995-08-10,It's a Magical World,83
1995-08-11,It's a Magical World,84
1995-08-12,It's a Magical World,84
1995-08-13,It's a Magical World,85
1995-08-14,It's a Magical World,86
1995-08-15,It's a Magical World,86
1995-08-16,It's a Magical World,87
1995-08-17,It's a Magical World,87
1995-08-18,It's a Magical World,88
1995-08-19,It's a Magical World,88
1995-08-20,It's a Magical World,89
1995-08-21,It's a Magical World,90
1995-08-22,It's a Magical World,90
1995-08-23,It's a Magical World,91
1995-08-24,It's a Magical World,91
1995-08-25,It's a Magical World,92
1995-08-26,It's a Magical World,92
1995-08-27,It's a Magical World,93
1995-08-28,It's a Magical World,94
1995-08-29,It's a Magical World,94
1995-08-30,It's a Magical World,95
1995-08-31,It's a Magical World,95
1995-09-01,It's a Magical World,96
1995-09-02,It's a Magical World,96
1995-09-03,It's a Magical World,97
1995-09-04,It's a Magical World,98
1995-09-05,It's a Magical World,98
1995-09-06,It's a Magical World,99
1995-09-07,It's a Magical World,99
1995-09-08,It's a Magical World,100
1995-09-09,It's a Magical World,100
1995-09-10,It's a Magical World,104
1995-09-11,It's a Magical World,101
1995-09-12,It's a Magical World,101
1995-09-13,It's a Magical World,102
1995-09-14,It's a Magical World,102
1995-09-15,It's a Magical World,103
1995-09-16,It's a Magical World,103
1995-09-17,It's a Magical World,106
1995-09-18,It's a Magical World,105
1995-09-19,It's a Magical World,105
1995-09-20,It's a Magical World,107
1995-09-21,It's a Magical World,107
1995-09-22,It's a Magical World,108
1995-09-23,It's a Magical World,108
1995-09-24,Calvin and Hobbes: Sunday Pages 1985-1995,86
1995-09-24,Calvin and Hobbes: Sunday Pages 1985-1995,87
1995-09-24,It's a Magical World,109
1995-09-25,It's a Magical World,110
1995-09-26,It's a Magical World,110
1995-09-27,It's a Magical World,111
1995-09-28,It's a Magical World,111
1995-09-29,It's a Magical World,113
1995-09-30,It's a Magical World,113
1995-10-01,It's a Magical World,112
1995-10-02,It's a Magical World,115
1995-10-03,It's a Magical World,115
1995-10-04,It's a Magical World,116
1995-10-05,It's a Magical World,116
1995-10-06,It's a Magical World,117
1995-10-07,It's a Magical World,117
1995-10-08,It's a Magical World,114
1995-10-09,It's a Magical World,118
1995-10-10,It's a Magical World,118
1995-10-11,It's a Magical World,119
1995-10-12,It's a Magical World,119
1995-10-13,It's a Magical World,120
1995-10-14,It's a Magical World,120
1995-10-15,It's a Magical World,124
1995-10-16,It's a Magical World,121
1995-10-17,It's a Magical World,121
1995-10-18,It's a Magical World,122
1995-10-19,It's a Magical World,122
1995-10-20,It's a Magical World,123
1995-10-21,It's a Magical World,123
1995-10-22,It's a Magical World,126
1995-10-23,It's a Magical World,125
1995-10-24,It's a Magical World,125
1995-10-25,It's a Magical World,127
1995-10-26,It's a Magical World,127
1995-10-27,It's a Magical World,128
1995-10-28,It's a Magical World,128
1995-10-29,It's a Magical World,129
1995-10-30,It's a Magical World,130
1995-10-31,It's a Magical World,130
1995-11-01,It's a Magical World,131
1995-11-02,It's a Magical World,131
1995-11-03,It's a Magical World,132
1995-11-04,It's a Magical World,132
1995-11-05,Calvin and Hobbes: Sunday Pages 1985-1995,88
1995-11-05,Calvin and Hobbes: Sunday Pages 1985-1995,89
1995-11-05,It's a Magical World,133
1995-11-06,It's a Magical World,134
1995-11-07,It's a Magical World,134
1995-11-08,It's a Magical World,135
1995-11-09,It's a Magical World,135
1995-11-10,It's a Magical World,136
1995-11-11,It's a Magical World,136
1995-11-12,It's a Magical World,137
1995-11-13,It's a Magical World,138
1995-11-14,It's a Magical World,138
1995-11-15,It's a Magical World,139
1995-11-16,It's a Magical World,139
1995-11-17,It's a Magical World,140
1995-11-18,It's a Magical World,140
1995-11-19,Calvin and Hobbes: Sunday Pages 1985-1995,90
1995-11-19,Calvin and Hobbes: Sunday Pages 1985-1995,91
1995-11-19,It's a Magical World,141
1995-11-20,It's a Magical World,142
1995-11-21,It's a Magical World,142
1995-11-22,It's a Magical World,143
1995-11-23,It's a Magical World,143
1995-11-24,It's a Magical World,144
1995-11-25,It's a Magical World,144
1995-11-26,It's a Magical World,145
1995-11-27,It's a Magical World,146
1995-11-28,It's a Magical World,146
1995-11-29,It's a Magical World,147
1995-11-30,It's a Magical World,147
1995-12-01,It's a Magical World,148
1995-12-02,It's a Magical World,148
1995-12-03,It's a Magical World,149
1995-12-04,It's a Magical World,150
1995-12-05,It's a Magical World,150
1995-12-06,It's a Magical World,151
1995-12-07,It's a Magical World,151
1995-12-08,It's a Magical World,152
1995-12-09,It's a Magical World,152
1995-12-10,It's a Magical World,153
1995-12-11,It's a Magical World,154
1995-12-12,It's a Magical World,154
1995-12-13,It's a Magical World,155
1995-12-14,It's a Magical World,155
1995-12-15,It's a Magical World,156
1995-12-16,It's a Magical World,156
1995-12-17,It's a Magical World,157
1995-12-18,It's a Magical World,158
1995-12-19,It's a Magical World,158
1995-12-20,It's a Magical World,159
1995-12-21,It's a Magical World,159
1995-12-22,It's a Magical World,160
1995-12-23,It's a Magical World,160
1995-12-24,It's a Magical World,161
1995-12-25,It's a Magical World,162
1995-12-26,It's a Magical World,162
1995-12-27,It's a Magical World,163
1995-12-28,It's a Magical World,163
1995-12-29,It's a Magical World,164
1995-12-30,It's a Magical World,164
1995-12-31,Calvin and Hobbes: Sunday Pages 1985-1995,92
1995-12-31,Calvin and Hobbes: Sunday Pages 1985-1995,93
1995-12-31,It's a Magical World,165
